分拣中心,日期,预测日货量
SC1,2023/12/01,31722.0
SC1,2023/12/02,31576.0
SC1,2023/12/03,31517.0
SC1,2023/12/04,31494.0
SC1,2023/12/05,31487.0
SC1,2023/12/06,31485.0
SC1,2023/12/07,31485.0
SC1,2023/12/08,31485.0
SC1,2023/12/09,31486.0
SC1,2023/12/10,31486.0
SC1,2023/12/11,31486.0
SC1,2023/12/12,31487.0
SC1,2023/12/13,31487.0
SC1,2023/12/14,31487.0
SC1,2023/12/15,31487.0
SC1,2023/12/16,31487.0
SC1,2023/12/17,31487.0
SC1,2023/12/18,31487.0
SC1,2023/12/19,31487.0
SC1,2023/12/20,31487.0
SC1,2023/12/21,31487.0
SC1,2023/12/22,31487.0
SC1,2023/12/23,31487.0
SC1,2023/12/24,31487.0
SC1,2023/12/25,31487.0
SC1,2023/12/26,31487.0
SC1,2023/12/27,31487.0
SC1,2023/12/28,31487.0
SC1,2023/12/29,31487.0
SC1,2023/12/30,31487.0
SC10,2023/12/01,23194.0
SC10,2023/12/02,22946.0
SC10,2023/12/03,22818.0
SC10,2023/12/04,22752.0
SC10,2023/12/05,22718.0
SC10,2023/12/06,22702.0
SC10,2023/12/07,22693.0
SC10,2023/12/08,22689.0
SC10,2023/12/09,22687.0
SC10,2023/12/10,22686.0
SC10,2023/12/11,22686.0
SC10,2023/12/12,22686.0
SC10,2023/12/13,22686.0
SC10,2023/12/14,22686.0
SC10,2023/12/15,22686.0
SC10,2023/12/16,22686.0
SC10,2023/12/17,22686.0
SC10,2023/12/18,22686.0
SC10,2023/12/19,22686.0
SC10,2023/12/20,22686.0
SC10,2023/12/21,22686.0
SC10,2023/12/22,22686.0
SC10,2023/12/23,22686.0
SC10,2023/12/24,22686.0
SC10,2023/12/25,22686.0
SC10,2023/12/26,22686.0
SC10,2023/12/27,22686.0
SC10,2023/12/28,22686.0
SC10,2023/12/29,22686.0
SC10,2023/12/30,22686.0
SC12,2023/12/01,1527.0
SC12,2023/12/02,1574.0
SC12,2023/12/03,1590.0
SC12,2023/12/04,1595.0
SC12,2023/12/05,1597.0
SC12,2023/12/06,1597.0
SC12,2023/12/07,1597.0
SC12,2023/12/08,1597.0
SC12,2023/12/09,1597.0
SC12,2023/12/10,1597.0
SC12,2023/12/11,1597.0
SC12,2023/12/12,1597.0
SC12,2023/12/13,1597.0
SC12,2023/12/14,1596.0
SC12,2023/12/15,1596.0
SC12,2023/12/16,1596.0
SC12,2023/12/17,1596.0
SC12,2023/12/18,1596.0
SC12,2023/12/19,1596.0
SC12,2023/12/20,1596.0
SC12,2023/12/21,1596.0
SC12,2023/12/22,1596.0
SC12,2023/12/23,1596.0
SC12,2023/12/24,1596.0
SC12,2023/12/25,1596.0
SC12,2023/12/26,1596.0
SC12,2023/12/27,1596.0
SC12,2023/12/28,1596.0
SC12,2023/12/29,1596.0
SC12,2023/12/30,1596.0
SC14,2023/12/01,1126.0
SC14,2023/12/02,1125.0
SC14,2023/12/03,1125.0
SC14,2023/12/04,1125.0
SC14,2023/12/05,1125.0
SC14,2023/12/06,1125.0
SC14,2023/12/07,1125.0
SC14,2023/12/08,1125.0
SC14,2023/12/09,1125.0
SC14,2023/12/10,1125.0
SC14,2023/12/11,1125.0
SC14,2023/12/12,1125.0
SC14,2023/12/13,1125.0
SC14,2023/12/14,1125.0
SC14,2023/12/15,1125.0
SC14,2023/12/16,1125.0
SC14,2023/12/17,1125.0
SC14,2023/12/18,1125.0
SC14,2023/12/19,1125.0
SC14,2023/12/20,1125.0
SC14,2023/12/21,1125.0
SC14,2023/12/22,1125.0
SC14,2023/12/23,1125.0
SC14,2023/12/24,1125.0
SC14,2023/12/25,1125.0
SC14,2023/12/26,1125.0
SC14,2023/12/27,1125.0
SC14,2023/12/28,1125.0
SC14,2023/12/29,1125.0
SC14,2023/12/30,1125.0
SC15,2023/12/01,2750.0
SC15,2023/12/02,2766.0
SC15,2023/12/03,2772.0
SC15,2023/12/04,2774.0
SC15,2023/12/05,2774.0
SC15,2023/12/06,2774.0
SC15,2023/12/07,2773.0
SC15,2023/12/08,2773.0
SC15,2023/12/09,2773.0
SC15,2023/12/10,2773.0
SC15,2023/12/11,2773.0
SC15,2023/12/12,2772.0
SC15,2023/12/13,2772.0
SC15,2023/12/14,2772.0
SC15,2023/12/15,2772.0
SC15,2023/12/16,2772.0
SC15,2023/12/17,2772.0
SC15,2023/12/18,2772.0
SC15,2023/12/19,2772.0
SC15,2023/12/20,2772.0
SC15,2023/12/21,2772.0
SC15,2023/12/22,2772.0
SC15,2023/12/23,2772.0
SC15,2023/12/24,2772.0
SC15,2023/12/25,2772.0
SC15,2023/12/26,2772.0
SC15,2023/12/27,2772.0
SC15,2023/12/28,2772.0
SC15,2023/12/29,2772.0
SC15,2023/12/30,2772.0
SC16,2023/12/01,1676.0
SC16,2023/12/02,1686.0
SC16,2023/12/03,1691.0
SC16,2023/12/04,1693.0
SC16,2023/12/05,1694.0
SC16,2023/12/06,1695.0
SC16,2023/12/07,1695.0
SC16,2023/12/08,1695.0
SC16,2023/12/09,1695.0
SC16,2023/12/10,1695.0
SC16,2023/12/11,1695.0
SC16,2023/12/12,1695.0
SC16,2023/12/13,1695.0
SC16,2023/12/14,1695.0
SC16,2023/12/15,1695.0
SC16,2023/12/16,1695.0
SC16,2023/12/17,1695.0
SC16,2023/12/18,1695.0
SC16,2023/12/19,1695.0
SC16,2023/12/20,1695.0
SC16,2023/12/21,1695.0
SC16,2023/12/22,1695.0
SC16,2023/12/23,1695.0
SC16,2023/12/24,1695.0
SC16,2023/12/25,1695.0
SC16,2023/12/26,1695.0
SC16,2023/12/27,1695.0
SC16,2023/12/28,1695.0
SC16,2023/12/29,1695.0
SC16,2023/12/30,1695.0
SC17,2023/12/01,15151.0
SC17,2023/12/02,15205.0
SC17,2023/12/03,15228.0
SC17,2023/12/04,15236.0
SC17,2023/12/05,15239.0
SC17,2023/12/06,15240.0
SC17,2023/12/07,15240.0
SC17,2023/12/08,15240.0
SC17,2023/12/09,15240.0
SC17,2023/12/10,15240.0
SC17,2023/12/11,15240.0
SC17,2023/12/12,15240.0
SC17,2023/12/13,15240.0
SC17,2023/12/14,15240.0
SC17,2023/12/15,15240.0
SC17,2023/12/16,15240.0
SC17,2023/12/17,15240.0
SC17,2023/12/18,15240.0
SC17,2023/12/19,15240.0
SC17,2023/12/20,15240.0
SC17,2023/12/21,15240.0
SC17,2023/12/22,15240.0
SC17,2023/12/23,15240.0
SC17,2023/12/24,15240.0
SC17,2023/12/25,15240.0
SC17,2023/12/26,15240.0
SC17,2023/12/27,15240.0
SC17,2023/12/28,15240.0
SC17,2023/12/29,15240.0
SC17,2023/12/30,15240.0
SC18,2023/12/01,4826.0
SC18,2023/12/02,4832.0
SC18,2023/12/03,4834.0
SC18,2023/12/04,4836.0
SC18,2023/12/05,4836.0
SC18,2023/12/06,4836.0
SC18,2023/12/07,4837.0
SC18,2023/12/08,4837.0
SC18,2023/12/09,4837.0
SC18,2023/12/10,4837.0
SC18,2023/12/11,4837.0
SC18,2023/12/12,4837.0
SC18,2023/12/13,4837.0
SC18,2023/12/14,4837.0
SC18,2023/12/15,4837.0
SC18,2023/12/16,4837.0
SC18,2023/12/17,4837.0
SC18,2023/12/18,4837.0
SC18,2023/12/19,4837.0
SC18,2023/12/20,4837.0
SC18,2023/12/21,4837.0
SC18,2023/12/22,4837.0
SC18,2023/12/23,4837.0
SC18,2023/12/24,4837.0
SC18,2023/12/25,4837.0
SC18,2023/12/26,4837.0
SC18,2023/12/27,4837.0
SC18,2023/12/28,4837.0
SC18,2023/12/29,4837.0
SC18,2023/12/30,4837.0
SC19,2023/12/01,5468.0
SC19,2023/12/02,5453.0
SC19,2023/12/03,5447.0
SC19,2023/12/04,5444.0
SC19,2023/12/05,5443.0
SC19,2023/12/06,5443.0
SC19,2023/12/07,5443.0
SC19,2023/12/08,5443.0
SC19,2023/12/09,5443.0
SC19,2023/12/10,5443.0
SC19,2023/12/11,5443.0
SC19,2023/12/12,5443.0
SC19,2023/12/13,5443.0
SC19,2023/12/14,5443.0
SC19,2023/12/15,5443.0
SC19,2023/12/16,5443.0
SC19,2023/12/17,5443.0
SC19,2023/12/18,5443.0
SC19,2023/12/19,5443.0
SC19,2023/12/20,5443.0
SC19,2023/12/21,5443.0
SC19,2023/12/22,5443.0
SC19,2023/12/23,5443.0
SC19,2023/12/24,5443.0
SC19,2023/12/25,5443.0
SC19,2023/12/26,5443.0
SC19,2023/12/27,5443.0
SC19,2023/12/28,5443.0
SC19,2023/12/29,5443.0
SC19,2023/12/30,5443.0
SC2,2023/12/01,6347.0
SC2,2023/12/02,6370.0
SC2,2023/12/03,6381.0
SC2,2023/12/04,6388.0
SC2,2023/12/05,6391.0
SC2,2023/12/06,6393.0
SC2,2023/12/07,6394.0
SC2,2023/12/08,6394.0
SC2,2023/12/09,6394.0
SC2,2023/12/10,6395.0
SC2,2023/12/11,6395.0
SC2,2023/12/12,6395.0
SC2,2023/12/13,6395.0
SC2,2023/12/14,6395.0
SC2,2023/12/15,6395.0
SC2,2023/12/16,6395.0
SC2,2023/12/17,6395.0
SC2,2023/12/18,6395.0
SC2,2023/12/19,6395.0
SC2,2023/12/20,6395.0
SC2,2023/12/21,6395.0
SC2,2023/12/22,6395.0
SC2,2023/12/23,6395.0
SC2,2023/12/24,6395.0
SC2,2023/12/25,6395.0
SC2,2023/12/26,6395.0
SC2,2023/12/27,6395.0
SC2,2023/12/28,6395.0
SC2,2023/12/29,6395.0
SC2,2023/12/30,6395.0
SC20,2023/12/01,76.0
SC20,2023/12/02,76.0
SC20,2023/12/03,76.0
SC20,2023/12/04,76.0
SC20,2023/12/05,76.0
SC20,2023/12/06,76.0
SC20,2023/12/07,76.0
SC20,2023/12/08,76.0
SC20,2023/12/09,76.0
SC20,2023/12/10,76.0
SC20,2023/12/11,76.0
SC20,2023/12/12,76.0
SC20,2023/12/13,76.0
SC20,2023/12/14,76.0
SC20,2023/12/15,76.0
SC20,2023/12/16,76.0
SC20,2023/12/17,76.0
SC20,2023/12/18,76.0
SC20,2023/12/19,76.0
SC20,2023/12/20,76.0
SC20,2023/12/21,76.0
SC20,2023/12/22,76.0
SC20,2023/12/23,76.0
SC20,2023/12/24,76.0
SC20,2023/12/25,76.0
SC20,2023/12/26,76.0
SC20,2023/12/27,76.0
SC20,2023/12/28,76.0
SC20,2023/12/29,76.0
SC20,2023/12/30,76.0
SC21,2023/12/01,1528.0
SC21,2023/12/02,1523.0
SC21,2023/12/03,1521.0
SC21,2023/12/04,1520.0
SC21,2023/12/05,1519.0
SC21,2023/12/06,1519.0
SC21,2023/12/07,1519.0
SC21,2023/12/08,1518.0
SC21,2023/12/09,1518.0
SC21,2023/12/10,1518.0
SC21,2023/12/11,1518.0
SC21,2023/12/12,1518.0
SC21,2023/12/13,1518.0
SC21,2023/12/14,1518.0
SC21,2023/12/15,1518.0
SC21,2023/12/16,1518.0
SC21,2023/12/17,1518.0
SC21,2023/12/18,1518.0
SC21,2023/12/19,1518.0
SC21,2023/12/20,1518.0
SC21,2023/12/21,1518.0
SC21,2023/12/22,1518.0
SC21,2023/12/23,1518.0
SC21,2023/12/24,1518.0
SC21,2023/12/25,1518.0
SC21,2023/12/26,1518.0
SC21,2023/12/27,1518.0
SC21,2023/12/28,1518.0
SC21,2023/12/29,1518.0
SC21,2023/12/30,1518.0
SC22,2023/12/01,6153.0
SC22,2023/12/02,6218.0
SC22,2023/12/03,6250.0
SC22,2023/12/04,6266.0
SC22,2023/12/05,6274.0
SC22,2023/12/06,6277.0
SC22,2023/12/07,6279.0
SC22,2023/12/08,6280.0
SC22,2023/12/09,6281.0
SC22,2023/12/10,6281.0
SC22,2023/12/11,6281.0
SC22,2023/12/12,6281.0
SC22,2023/12/13,6281.0
SC22,2023/12/14,6281.0
SC22,2023/12/15,6281.0
SC22,2023/12/16,6281.0
SC22,2023/12/17,6281.0
SC22,2023/12/18,6281.0
SC22,2023/12/19,6281.0
SC22,2023/12/20,6281.0
SC22,2023/12/21,6281.0
SC22,2023/12/22,6281.0
SC22,2023/12/23,6281.0
SC22,2023/12/24,6281.0
SC22,2023/12/25,6281.0
SC22,2023/12/26,6281.0
SC22,2023/12/27,6281.0
SC22,2023/12/28,6281.0
SC22,2023/12/29,6281.0
SC22,2023/12/30,6281.0
SC23,2023/12/01,1864.0
SC23,2023/12/02,1832.0
SC23,2023/12/03,1814.0
SC23,2023/12/04,1803.0
SC23,2023/12/05,1797.0
SC23,2023/12/06,1794.0
SC23,2023/12/07,1792.0
SC23,2023/12/08,1791.0
SC23,2023/12/09,1790.0
SC23,2023/12/10,1790.0
SC23,2023/12/11,1790.0
SC23,2023/12/12,1790.0
SC23,2023/12/13,1790.0
SC23,2023/12/14,1790.0
SC23,2023/12/15,1790.0
SC23,2023/12/16,1789.0
SC23,2023/12/17,1789.0
SC23,2023/12/18,1789.0
SC23,2023/12/19,1789.0
SC23,2023/12/20,1789.0
SC23,2023/12/21,1789.0
SC23,2023/12/22,1789.0
SC23,2023/12/23,1789.0
SC23,2023/12/24,1789.0
SC23,2023/12/25,1789.0
SC23,2023/12/26,1789.0
SC23,2023/12/27,1789.0
SC23,2023/12/28,1789.0
SC23,2023/12/29,1789.0
SC23,2023/12/30,1789.0
SC24,2023/12/01,4930.0
SC24,2023/12/02,4930.0
SC24,2023/12/03,4930.0
SC24,2023/12/04,4930.0
SC24,2023/12/05,4930.0
SC24,2023/12/06,4930.0
SC24,2023/12/07,4930.0
SC24,2023/12/08,4930.0
SC24,2023/12/09,4930.0
SC24,2023/12/10,4930.0
SC24,2023/12/11,4929.0
SC24,2023/12/12,4929.0
SC24,2023/12/13,4929.0
SC24,2023/12/14,4929.0
SC24,2023/12/15,4929.0
SC24,2023/12/16,4929.0
SC24,2023/12/17,4929.0
SC24,2023/12/18,4929.0
SC24,2023/12/19,4929.0
SC24,2023/12/20,4929.0
SC24,2023/12/21,4929.0
SC24,2023/12/22,4929.0
SC24,2023/12/23,4929.0
SC24,2023/12/24,4929.0
SC24,2023/12/25,4929.0
SC24,2023/12/26,4929.0
SC24,2023/12/27,4929.0
SC24,2023/12/28,4929.0
SC24,2023/12/29,4929.0
SC24,2023/12/30,4929.0
SC25,2023/12/01,32126.0
SC25,2023/12/02,32259.0
SC25,2023/12/03,32335.0
SC25,2023/12/04,32379.0
SC25,2023/12/05,32405.0
SC25,2023/12/06,32419.0
SC25,2023/12/07,32427.0
SC25,2023/12/08,32431.0
SC25,2023/12/09,32433.0
SC25,2023/12/10,32434.0
SC25,2023/12/11,32435.0
SC25,2023/12/12,32435.0
SC25,2023/12/13,32435.0
SC25,2023/12/14,32435.0
SC25,2023/12/15,32435.0
SC25,2023/12/16,32435.0
SC25,2023/12/17,32435.0
SC25,2023/12/18,32435.0
SC25,2023/12/19,32435.0
SC25,2023/12/20,32435.0
SC25,2023/12/21,32435.0
SC25,2023/12/22,32435.0
SC25,2023/12/23,32435.0
SC25,2023/12/24,32435.0
SC25,2023/12/25,32435.0
SC25,2023/12/26,32435.0
SC25,2023/12/27,32435.0
SC25,2023/12/28,32435.0
SC25,2023/12/29,32435.0
SC25,2023/12/30,32435.0
SC26,2023/12/01,3699.0
SC26,2023/12/02,3693.0
SC26,2023/12/03,3689.0
SC26,2023/12/04,3687.0
SC26,2023/12/05,3686.0
SC26,2023/12/06,3685.0
SC26,2023/12/07,3685.0
SC26,2023/12/08,3685.0
SC26,2023/12/09,3685.0
SC26,2023/12/10,3685.0
SC26,2023/12/11,3685.0
SC26,2023/12/12,3685.0
SC26,2023/12/13,3685.0
SC26,2023/12/14,3685.0
SC26,2023/12/15,3685.0
SC26,2023/12/16,3685.0
SC26,2023/12/17,3685.0
SC26,2023/12/18,3685.0
SC26,2023/12/19,3685.0
SC26,2023/12/20,3685.0
SC26,2023/12/21,3685.0
SC26,2023/12/22,3685.0
SC26,2023/12/23,3685.0
SC26,2023/12/24,3685.0
SC26,2023/12/25,3685.0
SC26,2023/12/26,3685.0
SC26,2023/12/27,3685.0
SC26,2023/12/28,3685.0
SC26,2023/12/29,3685.0
SC26,2023/12/30,3685.0
SC27,2023/12/01,3463.0
SC27,2023/12/02,3463.0
SC27,2023/12/03,3463.0
SC27,2023/12/04,3462.0
SC27,2023/12/05,3462.0
SC27,2023/12/06,3462.0
SC27,2023/12/07,3462.0
SC27,2023/12/08,3462.0
SC27,2023/12/09,3462.0
SC27,2023/12/10,3462.0
SC27,2023/12/11,3462.0
SC27,2023/12/12,3462.0
SC27,2023/12/13,3462.0
SC27,2023/12/14,3462.0
SC27,2023/12/15,3462.0
SC27,2023/12/16,3462.0
SC27,2023/12/17,3462.0
SC27,2023/12/18,3462.0
SC27,2023/12/19,3462.0
SC27,2023/12/20,3462.0
SC27,2023/12/21,3462.0
SC27,2023/12/22,3462.0
SC27,2023/12/23,3462.0
SC27,2023/12/24,3462.0
SC27,2023/12/25,3462.0
SC27,2023/12/26,3462.0
SC27,2023/12/27,3462.0
SC27,2023/12/28,3462.0
SC27,2023/12/29,3462.0
SC27,2023/12/30,3462.0
SC28,2023/12/01,523.0
SC28,2023/12/02,525.0
SC28,2023/12/03,526.0
SC28,2023/12/04,527.0
SC28,2023/12/05,528.0
SC28,2023/12/06,528.0
SC28,2023/12/07,528.0
SC28,2023/12/08,528.0
SC28,2023/12/09,528.0
SC28,2023/12/10,528.0
SC28,2023/12/11,528.0
SC28,2023/12/12,528.0
SC28,2023/12/13,528.0
SC28,2023/12/14,528.0
SC28,2023/12/15,528.0
SC28,2023/12/16,528.0
SC28,2023/12/17,528.0
SC28,2023/12/18,528.0
SC28,2023/12/19,528.0
SC28,2023/12/20,528.0
SC28,2023/12/21,528.0
SC28,2023/12/22,528.0
SC28,2023/12/23,528.0
SC28,2023/12/24,528.0
SC28,2023/12/25,528.0
SC28,2023/12/26,528.0
SC28,2023/12/27,528.0
SC28,2023/12/28,528.0
SC28,2023/12/29,528.0
SC28,2023/12/30,528.0
SC29,2023/12/01,5571.0
SC29,2023/12/02,5554.0
SC29,2023/12/03,5546.0
SC29,2023/12/04,5543.0
SC29,2023/12/05,5542.0
SC29,2023/12/06,5542.0
SC29,2023/12/07,5542.0
SC29,2023/12/08,5542.0
SC29,2023/12/09,5543.0
SC29,2023/12/10,5543.0
SC29,2023/12/11,5543.0
SC29,2023/12/12,5543.0
SC29,2023/12/13,5543.0
SC29,2023/12/14,5543.0
SC29,2023/12/15,5543.0
SC29,2023/12/16,5543.0
SC29,2023/12/17,5543.0
SC29,2023/12/18,5543.0
SC29,2023/12/19,5543.0
SC29,2023/12/20,5543.0
SC29,2023/12/21,5543.0
SC29,2023/12/22,5543.0
SC29,2023/12/23,5543.0
SC29,2023/12/24,5543.0
SC29,2023/12/25,5543.0
SC29,2023/12/26,5543.0
SC29,2023/12/27,5543.0
SC29,2023/12/28,5543.0
SC29,2023/12/29,5543.0
SC29,2023/12/30,5543.0
SC3,2023/12/01,9131.0
SC3,2023/12/02,9117.0
SC3,2023/12/03,9108.0
SC3,2023/12/04,9102.0
SC3,2023/12/05,9098.0
SC3,2023/12/06,9096.0
SC3,2023/12/07,9095.0
SC3,2023/12/08,9095.0
SC3,2023/12/09,9095.0
SC3,2023/12/10,9094.0
SC3,2023/12/11,9094.0
SC3,2023/12/12,9094.0
SC3,2023/12/13,9094.0
SC3,2023/12/14,9094.0
SC3,2023/12/15,9094.0
SC3,2023/12/16,9094.0
SC3,2023/12/17,9094.0
SC3,2023/12/18,9094.0
SC3,2023/12/19,9094.0
SC3,2023/12/20,9094.0
SC3,2023/12/21,9094.0
SC3,2023/12/22,9094.0
SC3,2023/12/23,9094.0
SC3,2023/12/24,9094.0
SC3,2023/12/25,9094.0
SC3,2023/12/26,9094.0
SC3,2023/12/27,9094.0
SC3,2023/12/28,9094.0
SC3,2023/12/29,9094.0
SC3,2023/12/30,9094.0
SC30,2023/12/01,2912.0
SC30,2023/12/02,2926.0
SC30,2023/12/03,2932.0
SC30,2023/12/04,2935.0
SC30,2023/12/05,2936.0
SC30,2023/12/06,2936.0
SC30,2023/12/07,2936.0
SC30,2023/12/08,2936.0
SC30,2023/12/09,2936.0
SC30,2023/12/10,2936.0
SC30,2023/12/11,2936.0
SC30,2023/12/12,2936.0
SC30,2023/12/13,2936.0
SC30,2023/12/14,2936.0
SC30,2023/12/15,2936.0
SC30,2023/12/16,2936.0
SC30,2023/12/17,2936.0
SC30,2023/12/18,2936.0
SC30,2023/12/19,2936.0
SC30,2023/12/20,2936.0
SC30,2023/12/21,2936.0
SC30,2023/12/22,2936.0
SC30,2023/12/23,2936.0
SC30,2023/12/24,2936.0
SC30,2023/12/25,2936.0
SC30,2023/12/26,2936.0
SC30,2023/12/27,2936.0
SC30,2023/12/28,2936.0
SC30,2023/12/29,2936.0
SC30,2023/12/30,2936.0
SC31,2023/12/01,8749.0
SC31,2023/12/02,8738.0
SC31,2023/12/03,8730.0
SC31,2023/12/04,8725.0
SC31,2023/12/05,8722.0
SC31,2023/12/06,8719.0
SC31,2023/12/07,8718.0
SC31,2023/12/08,8717.0
SC31,2023/12/09,8717.0
SC31,2023/12/10,8716.0
SC31,2023/12/11,8716.0
SC31,2023/12/12,8716.0
SC31,2023/12/13,8716.0
SC31,2023/12/14,8716.0
SC31,2023/12/15,8716.0
SC31,2023/12/16,8716.0
SC31,2023/12/17,8716.0
SC31,2023/12/18,8716.0
SC31,2023/12/19,8716.0
SC31,2023/12/20,8716.0
SC31,2023/12/21,8716.0
SC31,2023/12/22,8716.0
SC31,2023/12/23,8716.0
SC31,2023/12/24,8716.0
SC31,2023/12/25,8716.0
SC31,2023/12/26,8716.0
SC31,2023/12/27,8716.0
SC31,2023/12/28,8716.0
SC31,2023/12/29,8716.0
SC31,2023/12/30,8716.0
SC32,2023/12/01,1786.0
SC32,2023/12/02,1807.0
SC32,2023/12/03,1815.0
SC32,2023/12/04,1817.0
SC32,2023/12/05,1818.0
SC32,2023/12/06,1818.0
SC32,2023/12/07,1818.0
SC32,2023/12/08,1818.0
SC32,2023/12/09,1817.0
SC32,2023/12/10,1817.0
SC32,2023/12/11,1817.0
SC32,2023/12/12,1817.0
SC32,2023/12/13,1817.0
SC32,2023/12/14,1817.0
SC32,2023/12/15,1817.0
SC32,2023/12/16,1817.0
SC32,2023/12/17,1817.0
SC32,2023/12/18,1817.0
SC32,2023/12/19,1817.0
SC32,2023/12/20,1817.0
SC32,2023/12/21,1817.0
SC32,2023/12/22,1817.0
SC32,2023/12/23,1817.0
SC32,2023/12/24,1817.0
SC32,2023/12/25,1817.0
SC32,2023/12/26,1817.0
SC32,2023/12/27,1817.0
SC32,2023/12/28,1817.0
SC32,2023/12/29,1817.0
SC32,2023/12/30,1817.0
SC34,2023/12/01,7597.0
SC34,2023/12/02,7600.0
SC34,2023/12/03,7603.0
SC34,2023/12/04,7605.0
SC34,2023/12/05,7607.0
SC34,2023/12/06,7608.0
SC34,2023/12/07,7609.0
SC34,2023/12/08,7610.0
SC34,2023/12/09,7610.0
SC34,2023/12/10,7610.0
SC34,2023/12/11,7610.0
SC34,2023/12/12,7610.0
SC34,2023/12/13,7610.0
SC34,2023/12/14,7610.0
SC34,2023/12/15,7611.0
SC34,2023/12/16,7611.0
SC34,2023/12/17,7611.0
SC34,2023/12/18,7611.0
SC34,2023/12/19,7611.0
SC34,2023/12/20,7611.0
SC34,2023/12/21,7611.0
SC34,2023/12/22,7611.0
SC34,2023/12/23,7611.0
SC34,2023/12/24,7611.0
SC34,2023/12/25,7611.0
SC34,2023/12/26,7611.0
SC34,2023/12/27,7611.0
SC34,2023/12/28,7611.0
SC34,2023/12/29,7611.0
SC34,2023/12/30,7611.0
SC35,2023/12/01,22102.0
SC35,2023/12/02,22178.0
SC35,2023/12/03,22228.0
SC35,2023/12/04,22257.0
SC35,2023/12/05,22273.0
SC35,2023/12/06,22281.0
SC35,2023/12/07,22285.0
SC35,2023/12/08,22287.0
SC35,2023/12/09,22288.0
SC35,2023/12/10,22288.0
SC35,2023/12/11,22288.0
SC35,2023/12/12,22288.0
SC35,2023/12/13,22287.0
SC35,2023/12/14,22287.0
SC35,2023/12/15,22287.0
SC35,2023/12/16,22287.0
SC35,2023/12/17,22287.0
SC35,2023/12/18,22287.0
SC35,2023/12/19,22287.0
SC35,2023/12/20,22287.0
SC35,2023/12/21,22287.0
SC35,2023/12/22,22287.0
SC35,2023/12/23,22287.0
SC35,2023/12/24,22287.0
SC35,2023/12/25,22287.0
SC35,2023/12/26,22287.0
SC35,2023/12/27,22287.0
SC35,2023/12/28,22287.0
SC35,2023/12/29,22287.0
SC35,2023/12/30,22287.0
SC36,2023/12/01,353.0
SC36,2023/12/02,345.0
SC36,2023/12/03,341.0
SC36,2023/12/04,339.0
SC36,2023/12/05,338.0
SC36,2023/12/06,337.0
SC36,2023/12/07,337.0
SC36,2023/12/08,336.0
SC36,2023/12/09,336.0
SC36,2023/12/10,336.0
SC36,2023/12/11,336.0
SC36,2023/12/12,336.0
SC36,2023/12/13,336.0
SC36,2023/12/14,336.0
SC36,2023/12/15,336.0
SC36,2023/12/16,336.0
SC36,2023/12/17,336.0
SC36,2023/12/18,336.0
SC36,2023/12/19,336.0
SC36,2023/12/20,336.0
SC36,2023/12/21,336.0
SC36,2023/12/22,336.0
SC36,2023/12/23,336.0
SC36,2023/12/24,336.0
SC36,2023/12/25,336.0
SC36,2023/12/26,336.0
SC36,2023/12/27,336.0
SC36,2023/12/28,336.0
SC36,2023/12/29,336.0
SC36,2023/12/30,336.0
SC37,2023/12/01,524.0
SC37,2023/12/02,524.0
SC37,2023/12/03,524.0
SC37,2023/12/04,524.0
SC37,2023/12/05,524.0
SC37,2023/12/06,524.0
SC37,2023/12/07,524.0
SC37,2023/12/08,524.0
SC37,2023/12/09,524.0
SC37,2023/12/10,524.0
SC37,2023/12/11,524.0
SC37,2023/12/12,524.0
SC37,2023/12/13,524.0
SC37,2023/12/14,524.0
SC37,2023/12/15,524.0
SC37,2023/12/16,524.0
SC37,2023/12/17,524.0
SC37,2023/12/18,524.0
SC37,2023/12/19,524.0
SC37,2023/12/20,524.0
SC37,2023/12/21,524.0
SC37,2023/12/22,524.0
SC37,2023/12/23,524.0
SC37,2023/12/24,524.0
SC37,2023/12/25,524.0
SC37,2023/12/26,524.0
SC37,2023/12/27,524.0
SC37,2023/12/28,524.0
SC37,2023/12/29,524.0
SC37,2023/12/30,524.0
SC38,2023/12/01,3400.0
SC38,2023/12/02,3397.0
SC38,2023/12/03,3396.0
SC38,2023/12/04,3395.0
SC38,2023/12/05,3394.0
SC38,2023/12/06,3394.0
SC38,2023/12/07,3394.0
SC38,2023/12/08,3394.0
SC38,2023/12/09,3394.0
SC38,2023/12/10,3394.0
SC38,2023/12/11,3393.0
SC38,2023/12/12,3393.0
SC38,2023/12/13,3393.0
SC38,2023/12/14,3393.0
SC38,2023/12/15,3393.0
SC38,2023/12/16,3393.0
SC38,2023/12/17,3393.0
SC38,2023/12/18,3393.0
SC38,2023/12/19,3393.0
SC38,2023/12/20,3393.0
SC38,2023/12/21,3393.0
SC38,2023/12/22,3393.0
SC38,2023/12/23,3393.0
SC38,2023/12/24,3393.0
SC38,2023/12/25,3393.0
SC38,2023/12/26,3393.0
SC38,2023/12/27,3393.0
SC38,2023/12/28,3393.0
SC38,2023/12/29,3393.0
SC38,2023/12/30,3393.0
SC39,2023/12/01,2099.0
SC39,2023/12/02,2096.0
SC39,2023/12/03,2095.0
SC39,2023/12/04,2095.0
SC39,2023/12/05,2095.0
SC39,2023/12/06,2095.0
SC39,2023/12/07,2095.0
SC39,2023/12/08,2095.0
SC39,2023/12/09,2095.0
SC39,2023/12/10,2095.0
SC39,2023/12/11,2095.0
SC39,2023/12/12,2095.0
SC39,2023/12/13,2095.0
SC39,2023/12/14,2095.0
SC39,2023/12/15,2095.0
SC39,2023/12/16,2095.0
SC39,2023/12/17,2095.0
SC39,2023/12/18,2095.0
SC39,2023/12/19,2095.0
SC39,2023/12/20,2095.0
SC39,2023/12/21,2095.0
SC39,2023/12/22,2095.0
SC39,2023/12/23,2095.0
SC39,2023/12/24,2095.0
SC39,2023/12/25,2095.0
SC39,2023/12/26,2095.0
SC39,2023/12/27,2095.0
SC39,2023/12/28,2095.0
SC39,2023/12/29,2095.0
SC39,2023/12/30,2095.0
SC4,2023/12/01,17981.0
SC4,2023/12/02,17972.0
SC4,2023/12/03,17965.0
SC4,2023/12/04,17961.0
SC4,2023/12/05,17958.0
SC4,2023/12/06,17957.0
SC4,2023/12/07,17956.0
SC4,2023/12/08,17956.0
SC4,2023/12/09,17956.0
SC4,2023/12/10,17956.0
SC4,2023/12/11,17956.0
SC4,2023/12/12,17956.0
SC4,2023/12/13,17956.0
SC4,2023/12/14,17956.0
SC4,2023/12/15,17956.0
SC4,2023/12/16,17956.0
SC4,2023/12/17,17956.0
SC4,2023/12/18,17956.0
SC4,2023/12/19,17956.0
SC4,2023/12/20,17956.0
SC4,2023/12/21,17956.0
SC4,2023/12/22,17956.0
SC4,2023/12/23,17956.0
SC4,2023/12/24,17956.0
SC4,2023/12/25,17956.0
SC4,2023/12/26,17956.0
SC4,2023/12/27,17956.0
SC4,2023/12/28,17956.0
SC4,2023/12/29,17956.0
SC4,2023/12/30,17956.0
SC40,2023/12/01,2772.0
SC40,2023/12/02,2770.0
SC40,2023/12/03,2769.0
SC40,2023/12/04,2768.0
SC40,2023/12/05,2768.0
SC40,2023/12/06,2768.0
SC40,2023/12/07,2768.0
SC40,2023/12/08,2768.0
SC40,2023/12/09,2768.0
SC40,2023/12/10,2768.0
SC40,2023/12/11,2768.0
SC40,2023/12/12,2768.0
SC40,2023/12/13,2768.0
SC40,2023/12/14,2768.0
SC40,2023/12/15,2768.0
SC40,2023/12/16,2768.0
SC40,2023/12/17,2768.0
SC40,2023/12/18,2768.0
SC40,2023/12/19,2768.0
SC40,2023/12/20,2768.0
SC40,2023/12/21,2768.0
SC40,2023/12/22,2768.0
SC40,2023/12/23,2768.0
SC40,2023/12/24,2768.0
SC40,2023/12/25,2768.0
SC40,2023/12/26,2768.0
SC40,2023/12/27,2768.0
SC40,2023/12/28,2768.0
SC40,2023/12/29,2768.0
SC40,2023/12/30,2768.0
SC41,2023/12/01,635.0
SC41,2023/12/02,627.0
SC41,2023/12/03,621.0
SC41,2023/12/04,618.0
SC41,2023/12/05,616.0
SC41,2023/12/06,614.0
SC41,2023/12/07,614.0
SC41,2023/12/08,613.0
SC41,2023/12/09,613.0
SC41,2023/12/10,613.0
SC41,2023/12/11,613.0
SC41,2023/12/12,613.0
SC41,2023/12/13,613.0
SC41,2023/12/14,612.0
SC41,2023/12/15,612.0
SC41,2023/12/16,612.0
SC41,2023/12/17,612.0
SC41,2023/12/18,612.0
SC41,2023/12/19,612.0
SC41,2023/12/20,612.0
SC41,2023/12/21,612.0
SC41,2023/12/22,612.0
SC41,2023/12/23,612.0
SC41,2023/12/24,612.0
SC41,2023/12/25,612.0
SC41,2023/12/26,612.0
SC41,2023/12/27,612.0
SC41,2023/12/28,612.0
SC41,2023/12/29,612.0
SC41,2023/12/30,612.0
SC43,2023/12/01,2800.0
SC43,2023/12/02,2801.0
SC43,2023/12/03,2801.0
SC43,2023/12/04,2801.0
SC43,2023/12/05,2801.0
SC43,2023/12/06,2801.0
SC43,2023/12/07,2802.0
SC43,2023/12/08,2802.0
SC43,2023/12/09,2802.0
SC43,2023/12/10,2802.0
SC43,2023/12/11,2802.0
SC43,2023/12/12,2802.0
SC43,2023/12/13,2802.0
SC43,2023/12/14,2802.0
SC43,2023/12/15,2802.0
SC43,2023/12/16,2802.0
SC43,2023/12/17,2802.0
SC43,2023/12/18,2802.0
SC43,2023/12/19,2802.0
SC43,2023/12/20,2802.0
SC43,2023/12/21,2802.0
SC43,2023/12/22,2802.0
SC43,2023/12/23,2802.0
SC43,2023/12/24,2802.0
SC43,2023/12/25,2802.0
SC43,2023/12/26,2802.0
SC43,2023/12/27,2802.0
SC43,2023/12/28,2802.0
SC43,2023/12/29,2802.0
SC43,2023/12/30,2802.0
SC44,2023/12/01,13556.0
SC44,2023/12/02,13544.0
SC44,2023/12/03,13542.0
SC44,2023/12/04,13543.0
SC44,2023/12/05,13546.0
SC44,2023/12/06,13548.0
SC44,2023/12/07,13549.0
SC44,2023/12/08,13550.0
SC44,2023/12/09,13550.0
SC44,2023/12/10,13551.0
SC44,2023/12/11,13551.0
SC44,2023/12/12,13551.0
SC44,2023/12/13,13551.0
SC44,2023/12/14,13551.0
SC44,2023/12/15,13551.0
SC44,2023/12/16,13551.0
SC44,2023/12/17,13551.0
SC44,2023/12/18,13551.0
SC44,2023/12/19,13551.0
SC44,2023/12/20,13551.0
SC44,2023/12/21,13551.0
SC44,2023/12/22,13551.0
SC44,2023/12/23,13551.0
SC44,2023/12/24,13551.0
SC44,2023/12/25,13551.0
SC44,2023/12/26,13551.0
SC44,2023/12/27,13551.0
SC44,2023/12/28,13551.0
SC44,2023/12/29,13551.0
SC44,2023/12/30,13551.0
SC46,2023/12/01,837.0
SC46,2023/12/02,806.0
SC46,2023/12/03,788.0
SC46,2023/12/04,778.0
SC46,2023/12/05,772.0
SC46,2023/12/06,769.0
SC46,2023/12/07,767.0
SC46,2023/12/08,766.0
SC46,2023/12/09,766.0
SC46,2023/12/10,766.0
SC46,2023/12/11,765.0
SC46,2023/12/12,765.0
SC46,2023/12/13,765.0
SC46,2023/12/14,765.0
SC46,2023/12/15,765.0
SC46,2023/12/16,765.0
SC46,2023/12/17,765.0
SC46,2023/12/18,765.0
SC46,2023/12/19,765.0
SC46,2023/12/20,765.0
SC46,2023/12/21,765.0
SC46,2023/12/22,765.0
SC46,2023/12/23,765.0
SC46,2023/12/24,765.0
SC46,2023/12/25,765.0
SC46,2023/12/26,765.0
SC46,2023/12/27,765.0
SC46,2023/12/28,765.0
SC46,2023/12/29,765.0
SC46,2023/12/30,765.0
SC47,2023/12/01,32976.0
SC47,2023/12/02,32872.0
SC47,2023/12/03,32815.0
SC47,2023/12/04,32783.0
SC47,2023/12/05,32765.0
SC47,2023/12/06,32755.0
SC47,2023/12/07,32750.0
SC47,2023/12/08,32747.0
SC47,2023/12/09,32745.0
SC47,2023/12/10,32744.0
SC47,2023/12/11,32744.0
SC47,2023/12/12,32744.0
SC47,2023/12/13,32743.0
SC47,2023/12/14,32743.0
SC47,2023/12/15,32743.0
SC47,2023/12/16,32743.0
SC47,2023/12/17,32743.0
SC47,2023/12/18,32743.0
SC47,2023/12/19,32743.0
SC47,2023/12/20,32743.0
SC47,2023/12/21,32743.0
SC47,2023/12/22,32743.0
SC47,2023/12/23,32743.0
SC47,2023/12/24,32743.0
SC47,2023/12/25,32743.0
SC47,2023/12/26,32743.0
SC47,2023/12/27,32743.0
SC47,2023/12/28,32743.0
SC47,2023/12/29,32743.0
SC47,2023/12/30,32743.0
SC48,2023/12/01,611.0
SC48,2023/12/02,611.0
SC48,2023/12/03,611.0
SC48,2023/12/04,611.0
SC48,2023/12/05,611.0
SC48,2023/12/06,611.0
SC48,2023/12/07,611.0
SC48,2023/12/08,611.0
SC48,2023/12/09,611.0
SC48,2023/12/10,611.0
SC48,2023/12/11,611.0
SC48,2023/12/12,611.0
SC48,2023/12/13,611.0
SC48,2023/12/14,611.0
SC48,2023/12/15,611.0
SC48,2023/12/16,611.0
SC48,2023/12/17,611.0
SC48,2023/12/18,611.0
SC48,2023/12/19,611.0
SC48,2023/12/20,611.0
SC48,2023/12/21,611.0
SC48,2023/12/22,611.0
SC48,2023/12/23,611.0
SC48,2023/12/24,611.0
SC48,2023/12/25,611.0
SC48,2023/12/26,611.0
SC48,2023/12/27,611.0
SC48,2023/12/28,611.0
SC48,2023/12/29,611.0
SC48,2023/12/30,611.0
SC49,2023/12/01,5822.0
SC49,2023/12/02,5813.0
SC49,2023/12/03,5807.0
SC49,2023/12/04,5803.0
SC49,2023/12/05,5802.0
SC49,2023/12/06,5801.0
SC49,2023/12/07,5800.0
SC49,2023/12/08,5800.0
SC49,2023/12/09,5799.0
SC49,2023/12/10,5799.0
SC49,2023/12/11,5799.0
SC49,2023/12/12,5799.0
SC49,2023/12/13,5799.0
SC49,2023/12/14,5799.0
SC49,2023/12/15,5799.0
SC49,2023/12/16,5799.0
SC49,2023/12/17,5799.0
SC49,2023/12/18,5799.0
SC49,2023/12/19,5799.0
SC49,2023/12/20,5799.0
SC49,2023/12/21,5799.0
SC49,2023/12/22,5799.0
SC49,2023/12/23,5799.0
SC49,2023/12/24,5799.0
SC49,2023/12/25,5799.0
SC49,2023/12/26,5799.0
SC49,2023/12/27,5799.0
SC49,2023/12/28,5799.0
SC49,2023/12/29,5799.0
SC49,2023/12/30,5799.0
SC5,2023/12/01,16191.0
SC5,2023/12/02,16240.0
SC5,2023/12/03,16265.0
SC5,2023/12/04,16277.0
SC5,2023/12/05,16283.0
SC5,2023/12/06,16286.0
SC5,2023/12/07,16288.0
SC5,2023/12/08,16289.0
SC5,2023/12/09,16289.0
SC5,2023/12/10,16290.0
SC5,2023/12/11,16290.0
SC5,2023/12/12,16290.0
SC5,2023/12/13,16290.0
SC5,2023/12/14,16290.0
SC5,2023/12/15,16290.0
SC5,2023/12/16,16290.0
SC5,2023/12/17,16290.0
SC5,2023/12/18,16290.0
SC5,2023/12/19,16290.0
SC5,2023/12/20,16290.0
SC5,2023/12/21,16290.0
SC5,2023/12/22,16290.0
SC5,2023/12/23,16290.0
SC5,2023/12/24,16290.0
SC5,2023/12/25,16290.0
SC5,2023/12/26,16290.0
SC5,2023/12/27,16290.0
SC5,2023/12/28,16290.0
SC5,2023/12/29,16290.0
SC5,2023/12/30,16290.0
SC51,2023/12/01,8502.0
SC51,2023/12/02,8498.0
SC51,2023/12/03,8496.0
SC51,2023/12/04,8495.0
SC51,2023/12/05,8495.0
SC51,2023/12/06,8495.0
SC51,2023/12/07,8495.0
SC51,2023/12/08,8495.0
SC51,2023/12/09,8496.0
SC51,2023/12/10,8496.0
SC51,2023/12/11,8496.0
SC51,2023/12/12,8496.0
SC51,2023/12/13,8496.0
SC51,2023/12/14,8496.0
SC51,2023/12/15,8496.0
SC51,2023/12/16,8496.0
SC51,2023/12/17,8496.0
SC51,2023/12/18,8496.0
SC51,2023/12/19,8496.0
SC51,2023/12/20,8496.0
SC51,2023/12/21,8496.0
SC51,2023/12/22,8496.0
SC51,2023/12/23,8496.0
SC51,2023/12/24,8496.0
SC51,2023/12/25,8496.0
SC51,2023/12/26,8496.0
SC51,2023/12/27,8496.0
SC51,2023/12/28,8496.0
SC51,2023/12/29,8496.0
SC51,2023/12/30,8496.0
SC52,2023/12/01,2524.0
SC52,2023/12/02,2504.0
SC52,2023/12/03,2494.0
SC52,2023/12/04,2490.0
SC52,2023/12/05,2487.0
SC52,2023/12/06,2486.0
SC52,2023/12/07,2485.0
SC52,2023/12/08,2485.0
SC52,2023/12/09,2485.0
SC52,2023/12/10,2485.0
SC52,2023/12/11,2485.0
SC52,2023/12/12,2485.0
SC52,2023/12/13,2485.0
SC52,2023/12/14,2485.0
SC52,2023/12/15,2485.0
SC52,2023/12/16,2485.0
SC52,2023/12/17,2485.0
SC52,2023/12/18,2485.0
SC52,2023/12/19,2485.0
SC52,2023/12/20,2485.0
SC52,2023/12/21,2485.0
SC52,2023/12/22,2485.0
SC52,2023/12/23,2485.0
SC52,2023/12/24,2485.0
SC52,2023/12/25,2485.0
SC52,2023/12/26,2485.0
SC52,2023/12/27,2485.0
SC52,2023/12/28,2485.0
SC52,2023/12/29,2485.0
SC52,2023/12/30,2485.0
SC53,2023/12/01,25168.0
SC53,2023/12/02,25206.0
SC53,2023/12/03,25229.0
SC53,2023/12/04,25242.0
SC53,2023/12/05,25249.0
SC53,2023/12/06,25253.0
SC53,2023/12/07,25255.0
SC53,2023/12/08,25256.0
SC53,2023/12/09,25257.0
SC53,2023/12/10,25257.0
SC53,2023/12/11,25257.0
SC53,2023/12/12,25257.0
SC53,2023/12/13,25257.0
SC53,2023/12/14,25257.0
SC53,2023/12/15,25257.0
SC53,2023/12/16,25257.0
SC53,2023/12/17,25257.0
SC53,2023/12/18,25257.0
SC53,2023/12/19,25257.0
SC53,2023/12/20,25257.0
SC53,2023/12/21,25257.0
SC53,2023/12/22,25257.0
SC53,2023/12/23,25257.0
SC53,2023/12/24,25257.0
SC53,2023/12/25,25257.0
SC53,2023/12/26,25257.0
SC53,2023/12/27,25257.0
SC53,2023/12/28,25257.0
SC53,2023/12/29,25257.0
SC53,2023/12/30,25257.0
SC54,2023/12/01,7790.0
SC54,2023/12/02,7780.0
SC54,2023/12/03,7776.0
SC54,2023/12/04,7775.0
SC54,2023/12/05,7774.0
SC54,2023/12/06,7774.0
SC54,2023/12/07,7774.0
SC54,2023/12/08,7774.0
SC54,2023/12/09,7774.0
SC54,2023/12/10,7774.0
SC54,2023/12/11,7774.0
SC54,2023/12/12,7774.0
SC54,2023/12/13,7774.0
SC54,2023/12/14,7774.0
SC54,2023/12/15,7774.0
SC54,2023/12/16,7774.0
SC54,2023/12/17,7774.0
SC54,2023/12/18,7774.0
SC54,2023/12/19,7774.0
SC54,2023/12/20,7774.0
SC54,2023/12/21,7774.0
SC54,2023/12/22,7774.0
SC54,2023/12/23,7774.0
SC54,2023/12/24,7774.0
SC54,2023/12/25,7774.0
SC54,2023/12/26,7774.0
SC54,2023/12/27,7774.0
SC54,2023/12/28,7774.0
SC54,2023/12/29,7774.0
SC54,2023/12/30,7774.0
SC55,2023/12/01,3023.0
SC55,2023/12/02,3022.0
SC55,2023/12/03,3022.0
SC55,2023/12/04,3022.0
SC55,2023/12/05,3022.0
SC55,2023/12/06,3022.0
SC55,2023/12/07,3022.0
SC55,2023/12/08,3022.0
SC55,2023/12/09,3022.0
SC55,2023/12/10,3022.0
SC55,2023/12/11,3022.0
SC55,2023/12/12,3022.0
SC55,2023/12/13,3022.0
SC55,2023/12/14,3022.0
SC55,2023/12/15,3022.0
SC55,2023/12/16,3022.0
SC55,2023/12/17,3022.0
SC55,2023/12/18,3022.0
SC55,2023/12/19,3022.0
SC55,2023/12/20,3022.0
SC55,2023/12/21,3022.0
SC55,2023/12/22,3022.0
SC55,2023/12/23,3022.0
SC55,2023/12/24,3022.0
SC55,2023/12/25,3022.0
SC55,2023/12/26,3022.0
SC55,2023/12/27,3022.0
SC55,2023/12/28,3022.0
SC55,2023/12/29,3022.0
SC55,2023/12/30,3022.0
SC56,2023/12/01,1390.0
SC56,2023/12/02,1388.0
SC56,2023/12/03,1388.0
SC56,2023/12/04,1387.0
SC56,2023/12/05,1388.0
SC56,2023/12/06,1388.0
SC56,2023/12/07,1388.0
SC56,2023/12/08,1388.0
SC56,2023/12/09,1388.0
SC56,2023/12/10,1388.0
SC56,2023/12/11,1388.0
SC56,2023/12/12,1388.0
SC56,2023/12/13,1388.0
SC56,2023/12/14,1388.0
SC56,2023/12/15,1388.0
SC56,2023/12/16,1388.0
SC56,2023/12/17,1388.0
SC56,2023/12/18,1388.0
SC56,2023/12/19,1388.0
SC56,2023/12/20,1388.0
SC56,2023/12/21,1388.0
SC56,2023/12/22,1388.0
SC56,2023/12/23,1388.0
SC56,2023/12/24,1388.0
SC56,2023/12/25,1388.0
SC56,2023/12/26,1388.0
SC56,2023/12/27,1388.0
SC56,2023/12/28,1388.0
SC56,2023/12/29,1388.0
SC56,2023/12/30,1388.0
SC57,2023/12/01,9169.0
SC57,2023/12/02,9170.0
SC57,2023/12/03,9169.0
SC57,2023/12/04,9168.0
SC57,2023/12/05,9168.0
SC57,2023/12/06,9167.0
SC57,2023/12/07,9167.0
SC57,2023/12/08,9167.0
SC57,2023/12/09,9167.0
SC57,2023/12/10,9166.0
SC57,2023/12/11,9166.0
SC57,2023/12/12,9166.0
SC57,2023/12/13,9166.0
SC57,2023/12/14,9166.0
SC57,2023/12/15,9166.0
SC57,2023/12/16,9166.0
SC57,2023/12/17,9166.0
SC57,2023/12/18,9166.0
SC57,2023/12/19,9166.0
SC57,2023/12/20,9166.0
SC57,2023/12/21,9166.0
SC57,2023/12/22,9166.0
SC57,2023/12/23,9166.0
SC57,2023/12/24,9166.0
SC57,2023/12/25,9166.0
SC57,2023/12/26,9166.0
SC57,2023/12/27,9166.0
SC57,2023/12/28,9166.0
SC57,2023/12/29,9166.0
SC57,2023/12/30,9166.0
SC58,2023/12/01,615.0
SC58,2023/12/02,615.0
SC58,2023/12/03,615.0
SC58,2023/12/04,615.0
SC58,2023/12/05,615.0
SC58,2023/12/06,615.0
SC58,2023/12/07,615.0
SC58,2023/12/08,615.0
SC58,2023/12/09,614.0
SC58,2023/12/10,614.0
SC58,2023/12/11,614.0
SC58,2023/12/12,614.0
SC58,2023/12/13,614.0
SC58,2023/12/14,614.0
SC58,2023/12/15,614.0
SC58,2023/12/16,614.0
SC58,2023/12/17,614.0
SC58,2023/12/18,614.0
SC58,2023/12/19,614.0
SC58,2023/12/20,614.0
SC58,2023/12/21,614.0
SC58,2023/12/22,614.0
SC58,2023/12/23,614.0
SC58,2023/12/24,614.0
SC58,2023/12/25,614.0
SC58,2023/12/26,614.0
SC58,2023/12/27,614.0
SC58,2023/12/28,614.0
SC58,2023/12/29,614.0
SC58,2023/12/30,614.0
SC6,2023/12/01,22041.0
SC6,2023/12/02,21983.0
SC6,2023/12/03,21941.0
SC6,2023/12/04,21915.0
SC6,2023/12/05,21900.0
SC6,2023/12/06,21892.0
SC6,2023/12/07,21887.0
SC6,2023/12/08,21885.0
SC6,2023/12/09,21884.0
SC6,2023/12/10,21883.0
SC6,2023/12/11,21883.0
SC6,2023/12/12,21882.0
SC6,2023/12/13,21882.0
SC6,2023/12/14,21882.0
SC6,2023/12/15,21882.0
SC6,2023/12/16,21882.0
SC6,2023/12/17,21882.0
SC6,2023/12/18,21882.0
SC6,2023/12/19,21882.0
SC6,2023/12/20,21882.0
SC6,2023/12/21,21882.0
SC6,2023/12/22,21882.0
SC6,2023/12/23,21882.0
SC6,2023/12/24,21882.0
SC6,2023/12/25,21882.0
SC6,2023/12/26,21882.0
SC6,2023/12/27,21882.0
SC6,2023/12/28,21882.0
SC6,2023/12/29,21882.0
SC6,2023/12/30,21882.0
SC60,2023/12/01,45285.0
SC60,2023/12/02,45321.0
SC60,2023/12/03,45340.0
SC60,2023/12/04,45352.0
SC60,2023/12/05,45360.0
SC60,2023/12/06,45366.0
SC60,2023/12/07,45369.0
SC60,2023/12/08,45372.0
SC60,2023/12/09,45374.0
SC60,2023/12/10,45375.0
SC60,2023/12/11,45376.0
SC60,2023/12/12,45377.0
SC60,2023/12/13,45377.0
SC60,2023/12/14,45378.0
SC60,2023/12/15,45378.0
SC60,2023/12/16,45378.0
SC60,2023/12/17,45378.0
SC60,2023/12/18,45378.0
SC60,2023/12/19,45378.0
SC60,2023/12/20,45378.0
SC60,2023/12/21,45378.0
SC60,2023/12/22,45378.0
SC60,2023/12/23,45378.0
SC60,2023/12/24,45378.0
SC60,2023/12/25,45378.0
SC60,2023/12/26,45378.0
SC60,2023/12/27,45378.0
SC60,2023/12/28,45378.0
SC60,2023/12/29,45378.0
SC60,2023/12/30,45378.0
SC61,2023/12/01,675.0
SC61,2023/12/02,676.0
SC61,2023/12/03,676.0
SC61,2023/12/04,676.0
SC61,2023/12/05,676.0
SC61,2023/12/06,676.0
SC61,2023/12/07,676.0
SC61,2023/12/08,676.0
SC61,2023/12/09,676.0
SC61,2023/12/10,676.0
SC61,2023/12/11,676.0
SC61,2023/12/12,676.0
SC61,2023/12/13,676.0
SC61,2023/12/14,676.0
SC61,2023/12/15,676.0
SC61,2023/12/16,676.0
SC61,2023/12/17,676.0
SC61,2023/12/18,676.0
SC61,2023/12/19,676.0
SC61,2023/12/20,676.0
SC61,2023/12/21,676.0
SC61,2023/12/22,676.0
SC61,2023/12/23,676.0
SC61,2023/12/24,676.0
SC61,2023/12/25,676.0
SC61,2023/12/26,676.0
SC61,2023/12/27,676.0
SC61,2023/12/28,676.0
SC61,2023/12/29,676.0
SC61,2023/12/30,676.0
SC63,2023/12/01,1788.0
SC63,2023/12/02,1775.0
SC63,2023/12/03,1770.0
SC63,2023/12/04,1769.0
SC63,2023/12/05,1768.0
SC63,2023/12/06,1769.0
SC63,2023/12/07,1769.0
SC63,2023/12/08,1769.0
SC63,2023/12/09,1769.0
SC63,2023/12/10,1769.0
SC63,2023/12/11,1769.0
SC63,2023/12/12,1769.0
SC63,2023/12/13,1769.0
SC63,2023/12/14,1769.0
SC63,2023/12/15,1769.0
SC63,2023/12/16,1769.0
SC63,2023/12/17,1769.0
SC63,2023/12/18,1769.0
SC63,2023/12/19,1769.0
SC63,2023/12/20,1769.0
SC63,2023/12/21,1769.0
SC63,2023/12/22,1769.0
SC63,2023/12/23,1769.0
SC63,2023/12/24,1769.0
SC63,2023/12/25,1769.0
SC63,2023/12/26,1769.0
SC63,2023/12/27,1769.0
SC63,2023/12/28,1769.0
SC63,2023/12/29,1769.0
SC63,2023/12/30,1769.0
SC66,2023/12/01,652.0
SC66,2023/12/02,652.0
SC66,2023/12/03,652.0
SC66,2023/12/04,652.0
SC66,2023/12/05,652.0
SC66,2023/12/06,652.0
SC66,2023/12/07,652.0
SC66,2023/12/08,652.0
SC66,2023/12/09,652.0
SC66,2023/12/10,652.0
SC66,2023/12/11,652.0
SC66,2023/12/12,652.0
SC66,2023/12/13,653.0
SC66,2023/12/14,653.0
SC66,2023/12/15,653.0
SC66,2023/12/16,653.0
SC66,2023/12/17,653.0
SC66,2023/12/18,653.0
SC66,2023/12/19,653.0
SC66,2023/12/20,653.0
SC66,2023/12/21,653.0
SC66,2023/12/22,653.0
SC66,2023/12/23,653.0
SC66,2023/12/24,653.0
SC66,2023/12/25,653.0
SC66,2023/12/26,653.0
SC66,2023/12/27,653.0
SC66,2023/12/28,653.0
SC66,2023/12/29,653.0
SC66,2023/12/30,653.0
SC68,2023/12/01,1007.0
SC68,2023/12/02,1000.0
SC68,2023/12/03,997.0
SC68,2023/12/04,995.0
SC68,2023/12/05,993.0
SC68,2023/12/06,993.0
SC68,2023/12/07,992.0
SC68,2023/12/08,992.0
SC68,2023/12/09,992.0
SC68,2023/12/10,992.0
SC68,2023/12/11,992.0
SC68,2023/12/12,992.0
SC68,2023/12/13,992.0
SC68,2023/12/14,992.0
SC68,2023/12/15,992.0
SC68,2023/12/16,992.0
SC68,2023/12/17,992.0
SC68,2023/12/18,992.0
SC68,2023/12/19,992.0
SC68,2023/12/20,992.0
SC68,2023/12/21,992.0
SC68,2023/12/22,992.0
SC68,2023/12/23,992.0
SC68,2023/12/24,992.0
SC68,2023/12/25,992.0
SC68,2023/12/26,992.0
SC68,2023/12/27,992.0
SC68,2023/12/28,992.0
SC68,2023/12/29,992.0
SC68,2023/12/30,992.0
SC7,2023/12/01,26799.0
SC7,2023/12/02,26808.0
SC7,2023/12/03,26822.0
SC7,2023/12/04,26832.0
SC7,2023/12/05,26839.0
SC7,2023/12/06,26844.0
SC7,2023/12/07,26846.0
SC7,2023/12/08,26847.0
SC7,2023/12/09,26848.0
SC7,2023/12/10,26848.0
SC7,2023/12/11,26848.0
SC7,2023/12/12,26848.0
SC7,2023/12/13,26848.0
SC7,2023/12/14,26848.0
SC7,2023/12/15,26848.0
SC7,2023/12/16,26848.0
SC7,2023/12/17,26848.0
SC7,2023/12/18,26848.0
SC7,2023/12/19,26848.0
SC7,2023/12/20,26848.0
SC7,2023/12/21,26848.0
SC7,2023/12/22,26848.0
SC7,2023/12/23,26848.0
SC7,2023/12/24,26848.0
SC7,2023/12/25,26848.0
SC7,2023/12/26,26848.0
SC7,2023/12/27,26848.0
SC7,2023/12/28,26848.0
SC7,2023/12/29,26848.0
SC7,2023/12/30,26848.0
SC8,2023/12/01,27465.0
SC8,2023/12/02,27523.0
SC8,2023/12/03,27562.0
SC8,2023/12/04,27586.0
SC8,2023/12/05,27601.0
SC8,2023/12/06,27609.0
SC8,2023/12/07,27614.0
SC8,2023/12/08,27616.0
SC8,2023/12/09,27618.0
SC8,2023/12/10,27618.0
SC8,2023/12/11,27619.0
SC8,2023/12/12,27619.0
SC8,2023/12/13,27619.0
SC8,2023/12/14,27619.0
SC8,2023/12/15,27619.0
SC8,2023/12/16,27619.0
SC8,2023/12/17,27619.0
SC8,2023/12/18,27619.0
SC8,2023/12/19,27619.0
SC8,2023/12/20,27619.0
SC8,2023/12/21,27619.0
SC8,2023/12/22,27619.0
SC8,2023/12/23,27619.0
SC8,2023/12/24,27619.0
SC8,2023/12/25,27619.0
SC8,2023/12/26,27619.0
SC8,2023/12/27,27619.0
SC8,2023/12/28,27619.0
SC8,2023/12/29,27619.0
SC8,2023/12/30,27619.0
SC9,2023/12/01,21945.0
SC9,2023/12/02,22018.0
SC9,2023/12/03,22043.0
SC9,2023/12/04,22051.0
SC9,2023/12/05,22052.0
SC9,2023/12/06,22051.0
SC9,2023/12/07,22050.0
SC9,2023/12/08,22049.0
SC9,2023/12/09,22049.0
SC9,2023/12/10,22048.0
SC9,2023/12/11,22048.0
SC9,2023/12/12,22048.0
SC9,2023/12/13,22048.0
SC9,2023/12/14,22048.0
SC9,2023/12/15,22048.0
SC9,2023/12/16,22048.0
SC9,2023/12/17,22048.0
SC9,2023/12/18,22048.0
SC9,2023/12/19,22048.0
SC9,2023/12/20,22048.0
SC9,2023/12/21,22048.0
SC9,2023/12/22,22048.0
SC9,2023/12/23,22048.0
SC9,2023/12/24,22048.0
SC9,2023/12/25,22048.0
SC9,2023/12/26,22048.0
SC9,2023/12/27,22048.0
SC9,2023/12/28,22048.0
SC9,2023/12/29,22048.0
SC9,2023/12/30,22048.0
