分拣中心,日期,修正后日货量
SC1,2023/12/01,31722.0
SC1,2023/12/02,31576.0
SC1,2023/12/03,31517.0
SC1,2023/12/04,31494.0
SC1,2023/12/05,31487.0
SC1,2023/12/06,31485.0
SC1,2023/12/07,31485.0
SC1,2023/12/08,31485.0
SC1,2023/12/09,31486.0
SC1,2023/12/10,31486.0
SC1,2023/12/11,31486.0
SC1,2023/12/12,31487.0
SC1,2023/12/13,31487.0
SC1,2023/12/14,31487.0
SC1,2023/12/15,31487.0
SC1,2023/12/16,31487.0
SC1,2023/12/17,31487.0
SC1,2023/12/18,31487.0
SC1,2023/12/19,31487.0
SC1,2023/12/20,31487.0
SC1,2023/12/21,31487.0
SC1,2023/12/22,31487.0
SC1,2023/12/23,31487.0
SC1,2023/12/24,31487.0
SC1,2023/12/25,31487.0
SC1,2023/12/26,31487.0
SC1,2023/12/27,31487.0
SC1,2023/12/28,31487.0
SC1,2023/12/29,31487.0
SC1,2023/12/30,31487.0
SC10,2023/12/01,37722.0
SC10,2023/12/02,37319.0
SC10,2023/12/03,37110.0
SC10,2023/12/04,37003.0
SC10,2023/12/05,36949.0
SC10,2023/12/06,36922.0
SC10,2023/12/07,36908.0
SC10,2023/12/08,36902.0
SC10,2023/12/09,36898.0
SC10,2023/12/10,36897.0
SC10,2023/12/11,36896.0
SC10,2023/12/12,36896.0
SC10,2023/12/13,36896.0
SC10,2023/12/14,36896.0
SC10,2023/12/15,36896.0
SC10,2023/12/16,36896.0
SC10,2023/12/17,36896.0
SC10,2023/12/18,36896.0
SC10,2023/12/19,36896.0
SC10,2023/12/20,36896.0
SC10,2023/12/21,36896.0
SC10,2023/12/22,36896.0
SC10,2023/12/23,36896.0
SC10,2023/12/24,36896.0
SC10,2023/12/25,36896.0
SC10,2023/12/26,36896.0
SC10,2023/12/27,36896.0
SC10,2023/12/28,36896.0
SC10,2023/12/29,36896.0
SC10,2023/12/30,36896.0
SC12,2023/12/01,1527.0
SC12,2023/12/02,1574.0
SC12,2023/12/03,1590.0
SC12,2023/12/04,1595.0
SC12,2023/12/05,1597.0
SC12,2023/12/06,1597.0
SC12,2023/12/07,1597.0
SC12,2023/12/08,1597.0
SC12,2023/12/09,1597.0
SC12,2023/12/10,1597.0
SC12,2023/12/11,1597.0
SC12,2023/12/12,1597.0
SC12,2023/12/13,1597.0
SC12,2023/12/14,1596.0
SC12,2023/12/15,1596.0
SC12,2023/12/16,1596.0
SC12,2023/12/17,1596.0
SC12,2023/12/18,1596.0
SC12,2023/12/19,1596.0
SC12,2023/12/20,1596.0
SC12,2023/12/21,1596.0
SC12,2023/12/22,1596.0
SC12,2023/12/23,1596.0
SC12,2023/12/24,1596.0
SC12,2023/12/25,1596.0
SC12,2023/12/26,1596.0
SC12,2023/12/27,1596.0
SC12,2023/12/28,1596.0
SC12,2023/12/29,1596.0
SC12,2023/12/30,1596.0
SC14,2023/12/01,1126.0
SC14,2023/12/02,1125.0
SC14,2023/12/03,1125.0
SC14,2023/12/04,1125.0
SC14,2023/12/05,1125.0
SC14,2023/12/06,1125.0
SC14,2023/12/07,1125.0
SC14,2023/12/08,1125.0
SC14,2023/12/09,1125.0
SC14,2023/12/10,1125.0
SC14,2023/12/11,1125.0
SC14,2023/12/12,1125.0
SC14,2023/12/13,1125.0
SC14,2023/12/14,1125.0
SC14,2023/12/15,1125.0
SC14,2023/12/16,1125.0
SC14,2023/12/17,1125.0
SC14,2023/12/18,1125.0
SC14,2023/12/19,1125.0
SC14,2023/12/20,1125.0
SC14,2023/12/21,1125.0
SC14,2023/12/22,1125.0
SC14,2023/12/23,1125.0
SC14,2023/12/24,1125.0
SC14,2023/12/25,1125.0
SC14,2023/12/26,1125.0
SC14,2023/12/27,1125.0
SC14,2023/12/28,1125.0
SC14,2023/12/29,1125.0
SC14,2023/12/30,1125.0
SC15,2023/12/01,4592.0
SC15,2023/12/02,4619.0
SC15,2023/12/03,4628.0
SC15,2023/12/04,4631.0
SC15,2023/12/05,4632.0
SC15,2023/12/06,4631.0
SC15,2023/12/07,4631.0
SC15,2023/12/08,4630.0
SC15,2023/12/09,4630.0
SC15,2023/12/10,4629.0
SC15,2023/12/11,4629.0
SC15,2023/12/12,4629.0
SC15,2023/12/13,4629.0
SC15,2023/12/14,4629.0
SC15,2023/12/15,4629.0
SC15,2023/12/16,4629.0
SC15,2023/12/17,4629.0
SC15,2023/12/18,4629.0
SC15,2023/12/19,4629.0
SC15,2023/12/20,4629.0
SC15,2023/12/21,4629.0
SC15,2023/12/22,4629.0
SC15,2023/12/23,4629.0
SC15,2023/12/24,4629.0
SC15,2023/12/25,4629.0
SC15,2023/12/26,4629.0
SC15,2023/12/27,4629.0
SC15,2023/12/28,4629.0
SC15,2023/12/29,4629.0
SC15,2023/12/30,4629.0
SC16,2023/12/01,1676.0
SC16,2023/12/02,1686.0
SC16,2023/12/03,1691.0
SC16,2023/12/04,1693.0
SC16,2023/12/05,1694.0
SC16,2023/12/06,1695.0
SC16,2023/12/07,1695.0
SC16,2023/12/08,1695.0
SC16,2023/12/09,1695.0
SC16,2023/12/10,1695.0
SC16,2023/12/11,1695.0
SC16,2023/12/12,1695.0
SC16,2023/12/13,1695.0
SC16,2023/12/14,1695.0
SC16,2023/12/15,1695.0
SC16,2023/12/16,1695.0
SC16,2023/12/17,1695.0
SC16,2023/12/18,1695.0
SC16,2023/12/19,1695.0
SC16,2023/12/20,1695.0
SC16,2023/12/21,1695.0
SC16,2023/12/22,1695.0
SC16,2023/12/23,1695.0
SC16,2023/12/24,1695.0
SC16,2023/12/25,1695.0
SC16,2023/12/26,1695.0
SC16,2023/12/27,1695.0
SC16,2023/12/28,1695.0
SC16,2023/12/29,1695.0
SC16,2023/12/30,1695.0
SC17,2023/12/01,15151.0
SC17,2023/12/02,15205.0
SC17,2023/12/03,15228.0
SC17,2023/12/04,15236.0
SC17,2023/12/05,15239.0
SC17,2023/12/06,15240.0
SC17,2023/12/07,15240.0
SC17,2023/12/08,15240.0
SC17,2023/12/09,15240.0
SC17,2023/12/10,15240.0
SC17,2023/12/11,15240.0
SC17,2023/12/12,15240.0
SC17,2023/12/13,15240.0
SC17,2023/12/14,15240.0
SC17,2023/12/15,15240.0
SC17,2023/12/16,15240.0
SC17,2023/12/17,15240.0
SC17,2023/12/18,15240.0
SC17,2023/12/19,15240.0
SC17,2023/12/20,15240.0
SC17,2023/12/21,15240.0
SC17,2023/12/22,15240.0
SC17,2023/12/23,15240.0
SC17,2023/12/24,15240.0
SC17,2023/12/25,15240.0
SC17,2023/12/26,15240.0
SC17,2023/12/27,15240.0
SC17,2023/12/28,15240.0
SC17,2023/12/29,15240.0
SC17,2023/12/30,15240.0
SC18,2023/12/01,4826.0
SC18,2023/12/02,4832.0
SC18,2023/12/03,4834.0
SC18,2023/12/04,4836.0
SC18,2023/12/05,4836.0
SC18,2023/12/06,4836.0
SC18,2023/12/07,4837.0
SC18,2023/12/08,4837.0
SC18,2023/12/09,4837.0
SC18,2023/12/10,4837.0
SC18,2023/12/11,4837.0
SC18,2023/12/12,4837.0
SC18,2023/12/13,4837.0
SC18,2023/12/14,4837.0
SC18,2023/12/15,4837.0
SC18,2023/12/16,4837.0
SC18,2023/12/17,4837.0
SC18,2023/12/18,4837.0
SC18,2023/12/19,4837.0
SC18,2023/12/20,4837.0
SC18,2023/12/21,4837.0
SC18,2023/12/22,4837.0
SC18,2023/12/23,4837.0
SC18,2023/12/24,4837.0
SC18,2023/12/25,4837.0
SC18,2023/12/26,4837.0
SC18,2023/12/27,4837.0
SC18,2023/12/28,4837.0
SC18,2023/12/29,4837.0
SC18,2023/12/30,4837.0
SC19,2023/12/01,0.0
SC19,2023/12/02,0.0
SC19,2023/12/03,0.0
SC19,2023/12/04,0.0
SC19,2023/12/05,0.0
SC19,2023/12/06,0.0
SC19,2023/12/07,0.0
SC19,2023/12/08,0.0
SC19,2023/12/09,0.0
SC19,2023/12/10,0.0
SC19,2023/12/11,0.0
SC19,2023/12/12,0.0
SC19,2023/12/13,0.0
SC19,2023/12/14,0.0
SC19,2023/12/15,0.0
SC19,2023/12/16,0.0
SC19,2023/12/17,0.0
SC19,2023/12/18,0.0
SC19,2023/12/19,0.0
SC19,2023/12/20,0.0
SC19,2023/12/21,0.0
SC19,2023/12/22,0.0
SC19,2023/12/23,0.0
SC19,2023/12/24,0.0
SC19,2023/12/25,0.0
SC19,2023/12/26,0.0
SC19,2023/12/27,0.0
SC19,2023/12/28,0.0
SC19,2023/12/29,0.0
SC19,2023/12/30,0.0
SC2,2023/12/01,6347.0
SC2,2023/12/02,6370.0
SC2,2023/12/03,6381.0
SC2,2023/12/04,6388.0
SC2,2023/12/05,6391.0
SC2,2023/12/06,6393.0
SC2,2023/12/07,6394.0
SC2,2023/12/08,6394.0
SC2,2023/12/09,6394.0
SC2,2023/12/10,6395.0
SC2,2023/12/11,6395.0
SC2,2023/12/12,6395.0
SC2,2023/12/13,6395.0
SC2,2023/12/14,6395.0
SC2,2023/12/15,6395.0
SC2,2023/12/16,6395.0
SC2,2023/12/17,6395.0
SC2,2023/12/18,6395.0
SC2,2023/12/19,6395.0
SC2,2023/12/20,6395.0
SC2,2023/12/21,6395.0
SC2,2023/12/22,6395.0
SC2,2023/12/23,6395.0
SC2,2023/12/24,6395.0
SC2,2023/12/25,6395.0
SC2,2023/12/26,6395.0
SC2,2023/12/27,6395.0
SC2,2023/12/28,6395.0
SC2,2023/12/29,6395.0
SC2,2023/12/30,6395.0
SC20,2023/12/01,76.0
SC20,2023/12/02,76.0
SC20,2023/12/03,76.0
SC20,2023/12/04,76.0
SC20,2023/12/05,76.0
SC20,2023/12/06,76.0
SC20,2023/12/07,76.0
SC20,2023/12/08,76.0
SC20,2023/12/09,76.0
SC20,2023/12/10,76.0
SC20,2023/12/11,76.0
SC20,2023/12/12,76.0
SC20,2023/12/13,76.0
SC20,2023/12/14,76.0
SC20,2023/12/15,76.0
SC20,2023/12/16,76.0
SC20,2023/12/17,76.0
SC20,2023/12/18,76.0
SC20,2023/12/19,76.0
SC20,2023/12/20,76.0
SC20,2023/12/21,76.0
SC20,2023/12/22,76.0
SC20,2023/12/23,76.0
SC20,2023/12/24,76.0
SC20,2023/12/25,76.0
SC20,2023/12/26,76.0
SC20,2023/12/27,76.0
SC20,2023/12/28,76.0
SC20,2023/12/29,76.0
SC20,2023/12/30,76.0
SC21,2023/12/01,1528.0
SC21,2023/12/02,1523.0
SC21,2023/12/03,1521.0
SC21,2023/12/04,1520.0
SC21,2023/12/05,1519.0
SC21,2023/12/06,1519.0
SC21,2023/12/07,1519.0
SC21,2023/12/08,1518.0
SC21,2023/12/09,1518.0
SC21,2023/12/10,1518.0
SC21,2023/12/11,1518.0
SC21,2023/12/12,1518.0
SC21,2023/12/13,1518.0
SC21,2023/12/14,1518.0
SC21,2023/12/15,1518.0
SC21,2023/12/16,1518.0
SC21,2023/12/17,1518.0
SC21,2023/12/18,1518.0
SC21,2023/12/19,1518.0
SC21,2023/12/20,1518.0
SC21,2023/12/21,1518.0
SC21,2023/12/22,1518.0
SC21,2023/12/23,1518.0
SC21,2023/12/24,1518.0
SC21,2023/12/25,1518.0
SC21,2023/12/26,1518.0
SC21,2023/12/27,1518.0
SC21,2023/12/28,1518.0
SC21,2023/12/29,1518.0
SC21,2023/12/30,1518.0
SC22,2023/12/01,6153.0
SC22,2023/12/02,6218.0
SC22,2023/12/03,6250.0
SC22,2023/12/04,6266.0
SC22,2023/12/05,6274.0
SC22,2023/12/06,6277.0
SC22,2023/12/07,6279.0
SC22,2023/12/08,6280.0
SC22,2023/12/09,6281.0
SC22,2023/12/10,6281.0
SC22,2023/12/11,6281.0
SC22,2023/12/12,6281.0
SC22,2023/12/13,6281.0
SC22,2023/12/14,6281.0
SC22,2023/12/15,6281.0
SC22,2023/12/16,6281.0
SC22,2023/12/17,6281.0
SC22,2023/12/18,6281.0
SC22,2023/12/19,6281.0
SC22,2023/12/20,6281.0
SC22,2023/12/21,6281.0
SC22,2023/12/22,6281.0
SC22,2023/12/23,6281.0
SC22,2023/12/24,6281.0
SC22,2023/12/25,6281.0
SC22,2023/12/26,6281.0
SC22,2023/12/27,6281.0
SC22,2023/12/28,6281.0
SC22,2023/12/29,6281.0
SC22,2023/12/30,6281.0
SC23,2023/12/01,1864.0
SC23,2023/12/02,1832.0
SC23,2023/12/03,1814.0
SC23,2023/12/04,1803.0
SC23,2023/12/05,1797.0
SC23,2023/12/06,1794.0
SC23,2023/12/07,1792.0
SC23,2023/12/08,1791.0
SC23,2023/12/09,1790.0
SC23,2023/12/10,1790.0
SC23,2023/12/11,1790.0
SC23,2023/12/12,1790.0
SC23,2023/12/13,1790.0
SC23,2023/12/14,1790.0
SC23,2023/12/15,1790.0
SC23,2023/12/16,1789.0
SC23,2023/12/17,1789.0
SC23,2023/12/18,1789.0
SC23,2023/12/19,1789.0
SC23,2023/12/20,1789.0
SC23,2023/12/21,1789.0
SC23,2023/12/22,1789.0
SC23,2023/12/23,1789.0
SC23,2023/12/24,1789.0
SC23,2023/12/25,1789.0
SC23,2023/12/26,1789.0
SC23,2023/12/27,1789.0
SC23,2023/12/28,1789.0
SC23,2023/12/29,1789.0
SC23,2023/12/30,1789.0
SC24,2023/12/01,4930.0
SC24,2023/12/02,4930.0
SC24,2023/12/03,4930.0
SC24,2023/12/04,4930.0
SC24,2023/12/05,4930.0
SC24,2023/12/06,4930.0
SC24,2023/12/07,4930.0
SC24,2023/12/08,4930.0
SC24,2023/12/09,4930.0
SC24,2023/12/10,4930.0
SC24,2023/12/11,4929.0
SC24,2023/12/12,4929.0
SC24,2023/12/13,4929.0
SC24,2023/12/14,4929.0
SC24,2023/12/15,4929.0
SC24,2023/12/16,4929.0
SC24,2023/12/17,4929.0
SC24,2023/12/18,4929.0
SC24,2023/12/19,4929.0
SC24,2023/12/20,4929.0
SC24,2023/12/21,4929.0
SC24,2023/12/22,4929.0
SC24,2023/12/23,4929.0
SC24,2023/12/24,4929.0
SC24,2023/12/25,4929.0
SC24,2023/12/26,4929.0
SC24,2023/12/27,4929.0
SC24,2023/12/28,4929.0
SC24,2023/12/29,4929.0
SC24,2023/12/30,4929.0
SC25,2023/12/01,47707.0
SC25,2023/12/02,47904.0
SC25,2023/12/03,48017.0
SC25,2023/12/04,48083.0
SC25,2023/12/05,48121.0
SC25,2023/12/06,48142.0
SC25,2023/12/07,48154.0
SC25,2023/12/08,48160.0
SC25,2023/12/09,48163.0
SC25,2023/12/10,48165.0
SC25,2023/12/11,48166.0
SC25,2023/12/12,48166.0
SC25,2023/12/13,48166.0
SC25,2023/12/14,48167.0
SC25,2023/12/15,48167.0
SC25,2023/12/16,48167.0
SC25,2023/12/17,48167.0
SC25,2023/12/18,48167.0
SC25,2023/12/19,48167.0
SC25,2023/12/20,48167.0
SC25,2023/12/21,48167.0
SC25,2023/12/22,48167.0
SC25,2023/12/23,48167.0
SC25,2023/12/24,48167.0
SC25,2023/12/25,48167.0
SC25,2023/12/26,48167.0
SC25,2023/12/27,48167.0
SC25,2023/12/28,48167.0
SC25,2023/12/29,48167.0
SC25,2023/12/30,48167.0
SC26,2023/12/01,3699.0
SC26,2023/12/02,3693.0
SC26,2023/12/03,3689.0
SC26,2023/12/04,3687.0
SC26,2023/12/05,3686.0
SC26,2023/12/06,3685.0
SC26,2023/12/07,3685.0
SC26,2023/12/08,3685.0
SC26,2023/12/09,3685.0
SC26,2023/12/10,3685.0
SC26,2023/12/11,3685.0
SC26,2023/12/12,3685.0
SC26,2023/12/13,3685.0
SC26,2023/12/14,3685.0
SC26,2023/12/15,3685.0
SC26,2023/12/16,3685.0
SC26,2023/12/17,3685.0
SC26,2023/12/18,3685.0
SC26,2023/12/19,3685.0
SC26,2023/12/20,3685.0
SC26,2023/12/21,3685.0
SC26,2023/12/22,3685.0
SC26,2023/12/23,3685.0
SC26,2023/12/24,3685.0
SC26,2023/12/25,3685.0
SC26,2023/12/26,3685.0
SC26,2023/12/27,3685.0
SC26,2023/12/28,3685.0
SC26,2023/12/29,3685.0
SC26,2023/12/30,3685.0
SC27,2023/12/01,3463.0
SC27,2023/12/02,3463.0
SC27,2023/12/03,3463.0
SC27,2023/12/04,3462.0
SC27,2023/12/05,3462.0
SC27,2023/12/06,3462.0
SC27,2023/12/07,3462.0
SC27,2023/12/08,3462.0
SC27,2023/12/09,3462.0
SC27,2023/12/10,3462.0
SC27,2023/12/11,3462.0
SC27,2023/12/12,3462.0
SC27,2023/12/13,3462.0
SC27,2023/12/14,3462.0
SC27,2023/12/15,3462.0
SC27,2023/12/16,3462.0
SC27,2023/12/17,3462.0
SC27,2023/12/18,3462.0
SC27,2023/12/19,3462.0
SC27,2023/12/20,3462.0
SC27,2023/12/21,3462.0
SC27,2023/12/22,3462.0
SC27,2023/12/23,3462.0
SC27,2023/12/24,3462.0
SC27,2023/12/25,3462.0
SC27,2023/12/26,3462.0
SC27,2023/12/27,3462.0
SC27,2023/12/28,3462.0
SC27,2023/12/29,3462.0
SC27,2023/12/30,3462.0
SC28,2023/12/01,523.0
SC28,2023/12/02,525.0
SC28,2023/12/03,526.0
SC28,2023/12/04,527.0
SC28,2023/12/05,528.0
SC28,2023/12/06,528.0
SC28,2023/12/07,528.0
SC28,2023/12/08,528.0
SC28,2023/12/09,528.0
SC28,2023/12/10,528.0
SC28,2023/12/11,528.0
SC28,2023/12/12,528.0
SC28,2023/12/13,528.0
SC28,2023/12/14,528.0
SC28,2023/12/15,528.0
SC28,2023/12/16,528.0
SC28,2023/12/17,528.0
SC28,2023/12/18,528.0
SC28,2023/12/19,528.0
SC28,2023/12/20,528.0
SC28,2023/12/21,528.0
SC28,2023/12/22,528.0
SC28,2023/12/23,528.0
SC28,2023/12/24,528.0
SC28,2023/12/25,528.0
SC28,2023/12/26,528.0
SC28,2023/12/27,528.0
SC28,2023/12/28,528.0
SC28,2023/12/29,528.0
SC28,2023/12/30,528.0
SC29,2023/12/01,5571.0
SC29,2023/12/02,5554.0
SC29,2023/12/03,5546.0
SC29,2023/12/04,5543.0
SC29,2023/12/05,5542.0
SC29,2023/12/06,5542.0
SC29,2023/12/07,5542.0
SC29,2023/12/08,5542.0
SC29,2023/12/09,5543.0
SC29,2023/12/10,5543.0
SC29,2023/12/11,5543.0
SC29,2023/12/12,5543.0
SC29,2023/12/13,5543.0
SC29,2023/12/14,5543.0
SC29,2023/12/15,5543.0
SC29,2023/12/16,5543.0
SC29,2023/12/17,5543.0
SC29,2023/12/18,5543.0
SC29,2023/12/19,5543.0
SC29,2023/12/20,5543.0
SC29,2023/12/21,5543.0
SC29,2023/12/22,5543.0
SC29,2023/12/23,5543.0
SC29,2023/12/24,5543.0
SC29,2023/12/25,5543.0
SC29,2023/12/26,5543.0
SC29,2023/12/27,5543.0
SC29,2023/12/28,5543.0
SC29,2023/12/29,5543.0
SC29,2023/12/30,5543.0
SC3,2023/12/01,9131.0
SC3,2023/12/02,9117.0
SC3,2023/12/03,9108.0
SC3,2023/12/04,9102.0
SC3,2023/12/05,9098.0
SC3,2023/12/06,9096.0
SC3,2023/12/07,9095.0
SC3,2023/12/08,9095.0
SC3,2023/12/09,9095.0
SC3,2023/12/10,9094.0
SC3,2023/12/11,9094.0
SC3,2023/12/12,9094.0
SC3,2023/12/13,9094.0
SC3,2023/12/14,9094.0
SC3,2023/12/15,9094.0
SC3,2023/12/16,9094.0
SC3,2023/12/17,9094.0
SC3,2023/12/18,9094.0
SC3,2023/12/19,9094.0
SC3,2023/12/20,9094.0
SC3,2023/12/21,9094.0
SC3,2023/12/22,9094.0
SC3,2023/12/23,9094.0
SC3,2023/12/24,9094.0
SC3,2023/12/25,9094.0
SC3,2023/12/26,9094.0
SC3,2023/12/27,9094.0
SC3,2023/12/28,9094.0
SC3,2023/12/29,9094.0
SC3,2023/12/30,9094.0
SC30,2023/12/01,2912.0
SC30,2023/12/02,2926.0
SC30,2023/12/03,2932.0
SC30,2023/12/04,2935.0
SC30,2023/12/05,2936.0
SC30,2023/12/06,2936.0
SC30,2023/12/07,2936.0
SC30,2023/12/08,2936.0
SC30,2023/12/09,2936.0
SC30,2023/12/10,2936.0
SC30,2023/12/11,2936.0
SC30,2023/12/12,2936.0
SC30,2023/12/13,2936.0
SC30,2023/12/14,2936.0
SC30,2023/12/15,2936.0
SC30,2023/12/16,2936.0
SC30,2023/12/17,2936.0
SC30,2023/12/18,2936.0
SC30,2023/12/19,2936.0
SC30,2023/12/20,2936.0
SC30,2023/12/21,2936.0
SC30,2023/12/22,2936.0
SC30,2023/12/23,2936.0
SC30,2023/12/24,2936.0
SC30,2023/12/25,2936.0
SC30,2023/12/26,2936.0
SC30,2023/12/27,2936.0
SC30,2023/12/28,2936.0
SC30,2023/12/29,2936.0
SC30,2023/12/30,2936.0
SC31,2023/12/01,8749.0
SC31,2023/12/02,8738.0
SC31,2023/12/03,8730.0
SC31,2023/12/04,8725.0
SC31,2023/12/05,8722.0
SC31,2023/12/06,8719.0
SC31,2023/12/07,8718.0
SC31,2023/12/08,8717.0
SC31,2023/12/09,8717.0
SC31,2023/12/10,8716.0
SC31,2023/12/11,8716.0
SC31,2023/12/12,8716.0
SC31,2023/12/13,8716.0
SC31,2023/12/14,8716.0
SC31,2023/12/15,8716.0
SC31,2023/12/16,8716.0
SC31,2023/12/17,8716.0
SC31,2023/12/18,8716.0
SC31,2023/12/19,8716.0
SC31,2023/12/20,8716.0
SC31,2023/12/21,8716.0
SC31,2023/12/22,8716.0
SC31,2023/12/23,8716.0
SC31,2023/12/24,8716.0
SC31,2023/12/25,8716.0
SC31,2023/12/26,8716.0
SC31,2023/12/27,8716.0
SC31,2023/12/28,8716.0
SC31,2023/12/29,8716.0
SC31,2023/12/30,8716.0
SC32,2023/12/01,1786.0
SC32,2023/12/02,1807.0
SC32,2023/12/03,1815.0
SC32,2023/12/04,1817.0
SC32,2023/12/05,1818.0
SC32,2023/12/06,1818.0
SC32,2023/12/07,1818.0
SC32,2023/12/08,1818.0
SC32,2023/12/09,1817.0
SC32,2023/12/10,1817.0
SC32,2023/12/11,1817.0
SC32,2023/12/12,1817.0
SC32,2023/12/13,1817.0
SC32,2023/12/14,1817.0
SC32,2023/12/15,1817.0
SC32,2023/12/16,1817.0
SC32,2023/12/17,1817.0
SC32,2023/12/18,1817.0
SC32,2023/12/19,1817.0
SC32,2023/12/20,1817.0
SC32,2023/12/21,1817.0
SC32,2023/12/22,1817.0
SC32,2023/12/23,1817.0
SC32,2023/12/24,1817.0
SC32,2023/12/25,1817.0
SC32,2023/12/26,1817.0
SC32,2023/12/27,1817.0
SC32,2023/12/28,1817.0
SC32,2023/12/29,1817.0
SC32,2023/12/30,1817.0
SC34,2023/12/01,7597.0
SC34,2023/12/02,7600.0
SC34,2023/12/03,7603.0
SC34,2023/12/04,7605.0
SC34,2023/12/05,7607.0
SC34,2023/12/06,7608.0
SC34,2023/12/07,7609.0
SC34,2023/12/08,7610.0
SC34,2023/12/09,7610.0
SC34,2023/12/10,7610.0
SC34,2023/12/11,7610.0
SC34,2023/12/12,7610.0
SC34,2023/12/13,7610.0
SC34,2023/12/14,7610.0
SC34,2023/12/15,7611.0
SC34,2023/12/16,7611.0
SC34,2023/12/17,7611.0
SC34,2023/12/18,7611.0
SC34,2023/12/19,7611.0
SC34,2023/12/20,7611.0
SC34,2023/12/21,7611.0
SC34,2023/12/22,7611.0
SC34,2023/12/23,7611.0
SC34,2023/12/24,7611.0
SC34,2023/12/25,7611.0
SC34,2023/12/26,7611.0
SC34,2023/12/27,7611.0
SC34,2023/12/28,7611.0
SC34,2023/12/29,7611.0
SC34,2023/12/30,7611.0
SC35,2023/12/01,22102.0
SC35,2023/12/02,22178.0
SC35,2023/12/03,22228.0
SC35,2023/12/04,22257.0
SC35,2023/12/05,22273.0
SC35,2023/12/06,22281.0
SC35,2023/12/07,22285.0
SC35,2023/12/08,22287.0
SC35,2023/12/09,22288.0
SC35,2023/12/10,22288.0
SC35,2023/12/11,22288.0
SC35,2023/12/12,22288.0
SC35,2023/12/13,22287.0
SC35,2023/12/14,22287.0
SC35,2023/12/15,22287.0
SC35,2023/12/16,22287.0
SC35,2023/12/17,22287.0
SC35,2023/12/18,22287.0
SC35,2023/12/19,22287.0
SC35,2023/12/20,22287.0
SC35,2023/12/21,22287.0
SC35,2023/12/22,22287.0
SC35,2023/12/23,22287.0
SC35,2023/12/24,22287.0
SC35,2023/12/25,22287.0
SC35,2023/12/26,22287.0
SC35,2023/12/27,22287.0
SC35,2023/12/28,22287.0
SC35,2023/12/29,22287.0
SC35,2023/12/30,22287.0
SC36,2023/12/01,353.0
SC36,2023/12/02,345.0
SC36,2023/12/03,341.0
SC36,2023/12/04,339.0
SC36,2023/12/05,338.0
SC36,2023/12/06,337.0
SC36,2023/12/07,337.0
SC36,2023/12/08,336.0
SC36,2023/12/09,336.0
SC36,2023/12/10,336.0
SC36,2023/12/11,336.0
SC36,2023/12/12,336.0
SC36,2023/12/13,336.0
SC36,2023/12/14,336.0
SC36,2023/12/15,336.0
SC36,2023/12/16,336.0
SC36,2023/12/17,336.0
SC36,2023/12/18,336.0
SC36,2023/12/19,336.0
SC36,2023/12/20,336.0
SC36,2023/12/21,336.0
SC36,2023/12/22,336.0
SC36,2023/12/23,336.0
SC36,2023/12/24,336.0
SC36,2023/12/25,336.0
SC36,2023/12/26,336.0
SC36,2023/12/27,336.0
SC36,2023/12/28,336.0
SC36,2023/12/29,336.0
SC36,2023/12/30,336.0
SC37,2023/12/01,524.0
SC37,2023/12/02,524.0
SC37,2023/12/03,524.0
SC37,2023/12/04,524.0
SC37,2023/12/05,524.0
SC37,2023/12/06,524.0
SC37,2023/12/07,524.0
SC37,2023/12/08,524.0
SC37,2023/12/09,524.0
SC37,2023/12/10,524.0
SC37,2023/12/11,524.0
SC37,2023/12/12,524.0
SC37,2023/12/13,524.0
SC37,2023/12/14,524.0
SC37,2023/12/15,524.0
SC37,2023/12/16,524.0
SC37,2023/12/17,524.0
SC37,2023/12/18,524.0
SC37,2023/12/19,524.0
SC37,2023/12/20,524.0
SC37,2023/12/21,524.0
SC37,2023/12/22,524.0
SC37,2023/12/23,524.0
SC37,2023/12/24,524.0
SC37,2023/12/25,524.0
SC37,2023/12/26,524.0
SC37,2023/12/27,524.0
SC37,2023/12/28,524.0
SC37,2023/12/29,524.0
SC37,2023/12/30,524.0
SC38,2023/12/01,3400.0
SC38,2023/12/02,3397.0
SC38,2023/12/03,3396.0
SC38,2023/12/04,3395.0
SC38,2023/12/05,3394.0
SC38,2023/12/06,3394.0
SC38,2023/12/07,3394.0
SC38,2023/12/08,3394.0
SC38,2023/12/09,3394.0
SC38,2023/12/10,3394.0
SC38,2023/12/11,3393.0
SC38,2023/12/12,3393.0
SC38,2023/12/13,3393.0
SC38,2023/12/14,3393.0
SC38,2023/12/15,3393.0
SC38,2023/12/16,3393.0
SC38,2023/12/17,3393.0
SC38,2023/12/18,3393.0
SC38,2023/12/19,3393.0
SC38,2023/12/20,3393.0
SC38,2023/12/21,3393.0
SC38,2023/12/22,3393.0
SC38,2023/12/23,3393.0
SC38,2023/12/24,3393.0
SC38,2023/12/25,3393.0
SC38,2023/12/26,3393.0
SC38,2023/12/27,3393.0
SC38,2023/12/28,3393.0
SC38,2023/12/29,3393.0
SC38,2023/12/30,3393.0
SC39,2023/12/01,2099.0
SC39,2023/12/02,2096.0
SC39,2023/12/03,2095.0
SC39,2023/12/04,2095.0
SC39,2023/12/05,2095.0
SC39,2023/12/06,2095.0
SC39,2023/12/07,2095.0
SC39,2023/12/08,2095.0
SC39,2023/12/09,2095.0
SC39,2023/12/10,2095.0
SC39,2023/12/11,2095.0
SC39,2023/12/12,2095.0
SC39,2023/12/13,2095.0
SC39,2023/12/14,2095.0
SC39,2023/12/15,2095.0
SC39,2023/12/16,2095.0
SC39,2023/12/17,2095.0
SC39,2023/12/18,2095.0
SC39,2023/12/19,2095.0
SC39,2023/12/20,2095.0
SC39,2023/12/21,2095.0
SC39,2023/12/22,2095.0
SC39,2023/12/23,2095.0
SC39,2023/12/24,2095.0
SC39,2023/12/25,2095.0
SC39,2023/12/26,2095.0
SC39,2023/12/27,2095.0
SC39,2023/12/28,2095.0
SC39,2023/12/29,2095.0
SC39,2023/12/30,2095.0
SC4,2023/12/01,18215.0
SC4,2023/12/02,18206.0
SC4,2023/12/03,18199.0
SC4,2023/12/04,18194.0
SC4,2023/12/05,18192.0
SC4,2023/12/06,18190.0
SC4,2023/12/07,18190.0
SC4,2023/12/08,18189.0
SC4,2023/12/09,18189.0
SC4,2023/12/10,18189.0
SC4,2023/12/11,18189.0
SC4,2023/12/12,18189.0
SC4,2023/12/13,18189.0
SC4,2023/12/14,18189.0
SC4,2023/12/15,18189.0
SC4,2023/12/16,18189.0
SC4,2023/12/17,18189.0
SC4,2023/12/18,18189.0
SC4,2023/12/19,18189.0
SC4,2023/12/20,18189.0
SC4,2023/12/21,18189.0
SC4,2023/12/22,18189.0
SC4,2023/12/23,18189.0
SC4,2023/12/24,18189.0
SC4,2023/12/25,18189.0
SC4,2023/12/26,18189.0
SC4,2023/12/27,18189.0
SC4,2023/12/28,18189.0
SC4,2023/12/29,18189.0
SC4,2023/12/30,18189.0
SC40,2023/12/01,2772.0
SC40,2023/12/02,2770.0
SC40,2023/12/03,2769.0
SC40,2023/12/04,2768.0
SC40,2023/12/05,2768.0
SC40,2023/12/06,2768.0
SC40,2023/12/07,2768.0
SC40,2023/12/08,2768.0
SC40,2023/12/09,2768.0
SC40,2023/12/10,2768.0
SC40,2023/12/11,2768.0
SC40,2023/12/12,2768.0
SC40,2023/12/13,2768.0
SC40,2023/12/14,2768.0
SC40,2023/12/15,2768.0
SC40,2023/12/16,2768.0
SC40,2023/12/17,2768.0
SC40,2023/12/18,2768.0
SC40,2023/12/19,2768.0
SC40,2023/12/20,2768.0
SC40,2023/12/21,2768.0
SC40,2023/12/22,2768.0
SC40,2023/12/23,2768.0
SC40,2023/12/24,2768.0
SC40,2023/12/25,2768.0
SC40,2023/12/26,2768.0
SC40,2023/12/27,2768.0
SC40,2023/12/28,2768.0
SC40,2023/12/29,2768.0
SC40,2023/12/30,2768.0
SC41,2023/12/01,635.0
SC41,2023/12/02,627.0
SC41,2023/12/03,621.0
SC41,2023/12/04,618.0
SC41,2023/12/05,616.0
SC41,2023/12/06,614.0
SC41,2023/12/07,614.0
SC41,2023/12/08,613.0
SC41,2023/12/09,613.0
SC41,2023/12/10,613.0
SC41,2023/12/11,613.0
SC41,2023/12/12,613.0
SC41,2023/12/13,613.0
SC41,2023/12/14,612.0
SC41,2023/12/15,612.0
SC41,2023/12/16,612.0
SC41,2023/12/17,612.0
SC41,2023/12/18,612.0
SC41,2023/12/19,612.0
SC41,2023/12/20,612.0
SC41,2023/12/21,612.0
SC41,2023/12/22,612.0
SC41,2023/12/23,612.0
SC41,2023/12/24,612.0
SC41,2023/12/25,612.0
SC41,2023/12/26,612.0
SC41,2023/12/27,612.0
SC41,2023/12/28,612.0
SC41,2023/12/29,612.0
SC41,2023/12/30,612.0
SC43,2023/12/01,2800.0
SC43,2023/12/02,2801.0
SC43,2023/12/03,2801.0
SC43,2023/12/04,2801.0
SC43,2023/12/05,2801.0
SC43,2023/12/06,2801.0
SC43,2023/12/07,2802.0
SC43,2023/12/08,2802.0
SC43,2023/12/09,2802.0
SC43,2023/12/10,2802.0
SC43,2023/12/11,2802.0
SC43,2023/12/12,2802.0
SC43,2023/12/13,2802.0
SC43,2023/12/14,2802.0
SC43,2023/12/15,2802.0
SC43,2023/12/16,2802.0
SC43,2023/12/17,2802.0
SC43,2023/12/18,2802.0
SC43,2023/12/19,2802.0
SC43,2023/12/20,2802.0
SC43,2023/12/21,2802.0
SC43,2023/12/22,2802.0
SC43,2023/12/23,2802.0
SC43,2023/12/24,2802.0
SC43,2023/12/25,2802.0
SC43,2023/12/26,2802.0
SC43,2023/12/27,2802.0
SC43,2023/12/28,2802.0
SC43,2023/12/29,2802.0
SC43,2023/12/30,2802.0
SC44,2023/12/01,13556.0
SC44,2023/12/02,13544.0
SC44,2023/12/03,13542.0
SC44,2023/12/04,13543.0
SC44,2023/12/05,13546.0
SC44,2023/12/06,13548.0
SC44,2023/12/07,13549.0
SC44,2023/12/08,13550.0
SC44,2023/12/09,13550.0
SC44,2023/12/10,13551.0
SC44,2023/12/11,13551.0
SC44,2023/12/12,13551.0
SC44,2023/12/13,13551.0
SC44,2023/12/14,13551.0
SC44,2023/12/15,13551.0
SC44,2023/12/16,13551.0
SC44,2023/12/17,13551.0
SC44,2023/12/18,13551.0
SC44,2023/12/19,13551.0
SC44,2023/12/20,13551.0
SC44,2023/12/21,13551.0
SC44,2023/12/22,13551.0
SC44,2023/12/23,13551.0
SC44,2023/12/24,13551.0
SC44,2023/12/25,13551.0
SC44,2023/12/26,13551.0
SC44,2023/12/27,13551.0
SC44,2023/12/28,13551.0
SC44,2023/12/29,13551.0
SC44,2023/12/30,13551.0
SC46,2023/12/01,837.0
SC46,2023/12/02,806.0
SC46,2023/12/03,788.0
SC46,2023/12/04,778.0
SC46,2023/12/05,772.0
SC46,2023/12/06,769.0
SC46,2023/12/07,767.0
SC46,2023/12/08,766.0
SC46,2023/12/09,766.0
SC46,2023/12/10,766.0
SC46,2023/12/11,765.0
SC46,2023/12/12,765.0
SC46,2023/12/13,765.0
SC46,2023/12/14,765.0
SC46,2023/12/15,765.0
SC46,2023/12/16,765.0
SC46,2023/12/17,765.0
SC46,2023/12/18,765.0
SC46,2023/12/19,765.0
SC46,2023/12/20,765.0
SC46,2023/12/21,765.0
SC46,2023/12/22,765.0
SC46,2023/12/23,765.0
SC46,2023/12/24,765.0
SC46,2023/12/25,765.0
SC46,2023/12/26,765.0
SC46,2023/12/27,765.0
SC46,2023/12/28,765.0
SC46,2023/12/29,765.0
SC46,2023/12/30,765.0
SC47,2023/12/01,34526.0
SC47,2023/12/02,34417.0
SC47,2023/12/03,34357.0
SC47,2023/12/04,34324.0
SC47,2023/12/05,34305.0
SC47,2023/12/06,34295.0
SC47,2023/12/07,34289.0
SC47,2023/12/08,34286.0
SC47,2023/12/09,34284.0
SC47,2023/12/10,34283.0
SC47,2023/12/11,34283.0
SC47,2023/12/12,34282.0
SC47,2023/12/13,34282.0
SC47,2023/12/14,34282.0
SC47,2023/12/15,34282.0
SC47,2023/12/16,34282.0
SC47,2023/12/17,34282.0
SC47,2023/12/18,34282.0
SC47,2023/12/19,34282.0
SC47,2023/12/20,34282.0
SC47,2023/12/21,34282.0
SC47,2023/12/22,34282.0
SC47,2023/12/23,34282.0
SC47,2023/12/24,34282.0
SC47,2023/12/25,34282.0
SC47,2023/12/26,34282.0
SC47,2023/12/27,34282.0
SC47,2023/12/28,34282.0
SC47,2023/12/29,34282.0
SC47,2023/12/30,34282.0
SC48,2023/12/01,611.0
SC48,2023/12/02,611.0
SC48,2023/12/03,611.0
SC48,2023/12/04,611.0
SC48,2023/12/05,611.0
SC48,2023/12/06,611.0
SC48,2023/12/07,611.0
SC48,2023/12/08,611.0
SC48,2023/12/09,611.0
SC48,2023/12/10,611.0
SC48,2023/12/11,611.0
SC48,2023/12/12,611.0
SC48,2023/12/13,611.0
SC48,2023/12/14,611.0
SC48,2023/12/15,611.0
SC48,2023/12/16,611.0
SC48,2023/12/17,611.0
SC48,2023/12/18,611.0
SC48,2023/12/19,611.0
SC48,2023/12/20,611.0
SC48,2023/12/21,611.0
SC48,2023/12/22,611.0
SC48,2023/12/23,611.0
SC48,2023/12/24,611.0
SC48,2023/12/25,611.0
SC48,2023/12/26,611.0
SC48,2023/12/27,611.0
SC48,2023/12/28,611.0
SC48,2023/12/29,611.0
SC48,2023/12/30,611.0
SC49,2023/12/01,5822.0
SC49,2023/12/02,5813.0
SC49,2023/12/03,5807.0
SC49,2023/12/04,5803.0
SC49,2023/12/05,5802.0
SC49,2023/12/06,5801.0
SC49,2023/12/07,5800.0
SC49,2023/12/08,5800.0
SC49,2023/12/09,5799.0
SC49,2023/12/10,5799.0
SC49,2023/12/11,5799.0
SC49,2023/12/12,5799.0
SC49,2023/12/13,5799.0
SC49,2023/12/14,5799.0
SC49,2023/12/15,5799.0
SC49,2023/12/16,5799.0
SC49,2023/12/17,5799.0
SC49,2023/12/18,5799.0
SC49,2023/12/19,5799.0
SC49,2023/12/20,5799.0
SC49,2023/12/21,5799.0
SC49,2023/12/22,5799.0
SC49,2023/12/23,5799.0
SC49,2023/12/24,5799.0
SC49,2023/12/25,5799.0
SC49,2023/12/26,5799.0
SC49,2023/12/27,5799.0
SC49,2023/12/28,5799.0
SC49,2023/12/29,5799.0
SC49,2023/12/30,5799.0
SC5,2023/12/01,18081.0
SC5,2023/12/02,18136.0
SC5,2023/12/03,18163.0
SC5,2023/12/04,18176.0
SC5,2023/12/05,18183.0
SC5,2023/12/06,18187.0
SC5,2023/12/07,18189.0
SC5,2023/12/08,18190.0
SC5,2023/12/09,18190.0
SC5,2023/12/10,18191.0
SC5,2023/12/11,18191.0
SC5,2023/12/12,18191.0
SC5,2023/12/13,18191.0
SC5,2023/12/14,18191.0
SC5,2023/12/15,18191.0
SC5,2023/12/16,18191.0
SC5,2023/12/17,18191.0
SC5,2023/12/18,18191.0
SC5,2023/12/19,18191.0
SC5,2023/12/20,18191.0
SC5,2023/12/21,18191.0
SC5,2023/12/22,18191.0
SC5,2023/12/23,18191.0
SC5,2023/12/24,18191.0
SC5,2023/12/25,18191.0
SC5,2023/12/26,18191.0
SC5,2023/12/27,18191.0
SC5,2023/12/28,18191.0
SC5,2023/12/29,18191.0
SC5,2023/12/30,18191.0
SC51,2023/12/01,8964.0
SC51,2023/12/02,8960.0
SC51,2023/12/03,8958.0
SC51,2023/12/04,8957.0
SC51,2023/12/05,8956.0
SC51,2023/12/06,8956.0
SC51,2023/12/07,8956.0
SC51,2023/12/08,8957.0
SC51,2023/12/09,8957.0
SC51,2023/12/10,8957.0
SC51,2023/12/11,8957.0
SC51,2023/12/12,8957.0
SC51,2023/12/13,8957.0
SC51,2023/12/14,8957.0
SC51,2023/12/15,8957.0
SC51,2023/12/16,8957.0
SC51,2023/12/17,8957.0
SC51,2023/12/18,8957.0
SC51,2023/12/19,8957.0
SC51,2023/12/20,8957.0
SC51,2023/12/21,8957.0
SC51,2023/12/22,8957.0
SC51,2023/12/23,8957.0
SC51,2023/12/24,8957.0
SC51,2023/12/25,8957.0
SC51,2023/12/26,8957.0
SC51,2023/12/27,8957.0
SC51,2023/12/28,8957.0
SC51,2023/12/29,8957.0
SC51,2023/12/30,8957.0
SC52,2023/12/01,2524.0
SC52,2023/12/02,2504.0
SC52,2023/12/03,2494.0
SC52,2023/12/04,2490.0
SC52,2023/12/05,2487.0
SC52,2023/12/06,2486.0
SC52,2023/12/07,2485.0
SC52,2023/12/08,2485.0
SC52,2023/12/09,2485.0
SC52,2023/12/10,2485.0
SC52,2023/12/11,2485.0
SC52,2023/12/12,2485.0
SC52,2023/12/13,2485.0
SC52,2023/12/14,2485.0
SC52,2023/12/15,2485.0
SC52,2023/12/16,2485.0
SC52,2023/12/17,2485.0
SC52,2023/12/18,2485.0
SC52,2023/12/19,2485.0
SC52,2023/12/20,2485.0
SC52,2023/12/21,2485.0
SC52,2023/12/22,2485.0
SC52,2023/12/23,2485.0
SC52,2023/12/24,2485.0
SC52,2023/12/25,2485.0
SC52,2023/12/26,2485.0
SC52,2023/12/27,2485.0
SC52,2023/12/28,2485.0
SC52,2023/12/29,2485.0
SC52,2023/12/30,2485.0
SC53,2023/12/01,25168.0
SC53,2023/12/02,25206.0
SC53,2023/12/03,25229.0
SC53,2023/12/04,25242.0
SC53,2023/12/05,25249.0
SC53,2023/12/06,25253.0
SC53,2023/12/07,25255.0
SC53,2023/12/08,25256.0
SC53,2023/12/09,25257.0
SC53,2023/12/10,25257.0
SC53,2023/12/11,25257.0
SC53,2023/12/12,25257.0
SC53,2023/12/13,25257.0
SC53,2023/12/14,25257.0
SC53,2023/12/15,25257.0
SC53,2023/12/16,25257.0
SC53,2023/12/17,25257.0
SC53,2023/12/18,25257.0
SC53,2023/12/19,25257.0
SC53,2023/12/20,25257.0
SC53,2023/12/21,25257.0
SC53,2023/12/22,25257.0
SC53,2023/12/23,25257.0
SC53,2023/12/24,25257.0
SC53,2023/12/25,25257.0
SC53,2023/12/26,25257.0
SC53,2023/12/27,25257.0
SC53,2023/12/28,25257.0
SC53,2023/12/29,25257.0
SC53,2023/12/30,25257.0
SC54,2023/12/01,7790.0
SC54,2023/12/02,7780.0
SC54,2023/12/03,7776.0
SC54,2023/12/04,7775.0
SC54,2023/12/05,7774.0
SC54,2023/12/06,7774.0
SC54,2023/12/07,7774.0
SC54,2023/12/08,7774.0
SC54,2023/12/09,7774.0
SC54,2023/12/10,7774.0
SC54,2023/12/11,7774.0
SC54,2023/12/12,7774.0
SC54,2023/12/13,7774.0
SC54,2023/12/14,7774.0
SC54,2023/12/15,7774.0
SC54,2023/12/16,7774.0
SC54,2023/12/17,7774.0
SC54,2023/12/18,7774.0
SC54,2023/12/19,7774.0
SC54,2023/12/20,7774.0
SC54,2023/12/21,7774.0
SC54,2023/12/22,7774.0
SC54,2023/12/23,7774.0
SC54,2023/12/24,7774.0
SC54,2023/12/25,7774.0
SC54,2023/12/26,7774.0
SC54,2023/12/27,7774.0
SC54,2023/12/28,7774.0
SC54,2023/12/29,7774.0
SC54,2023/12/30,7774.0
SC55,2023/12/01,3023.0
SC55,2023/12/02,3022.0
SC55,2023/12/03,3022.0
SC55,2023/12/04,3022.0
SC55,2023/12/05,3022.0
SC55,2023/12/06,3022.0
SC55,2023/12/07,3022.0
SC55,2023/12/08,3022.0
SC55,2023/12/09,3022.0
SC55,2023/12/10,3022.0
SC55,2023/12/11,3022.0
SC55,2023/12/12,3022.0
SC55,2023/12/13,3022.0
SC55,2023/12/14,3022.0
SC55,2023/12/15,3022.0
SC55,2023/12/16,3022.0
SC55,2023/12/17,3022.0
SC55,2023/12/18,3022.0
SC55,2023/12/19,3022.0
SC55,2023/12/20,3022.0
SC55,2023/12/21,3022.0
SC55,2023/12/22,3022.0
SC55,2023/12/23,3022.0
SC55,2023/12/24,3022.0
SC55,2023/12/25,3022.0
SC55,2023/12/26,3022.0
SC55,2023/12/27,3022.0
SC55,2023/12/28,3022.0
SC55,2023/12/29,3022.0
SC55,2023/12/30,3022.0
SC56,2023/12/01,1390.0
SC56,2023/12/02,1388.0
SC56,2023/12/03,1388.0
SC56,2023/12/04,1387.0
SC56,2023/12/05,1388.0
SC56,2023/12/06,1388.0
SC56,2023/12/07,1388.0
SC56,2023/12/08,1388.0
SC56,2023/12/09,1388.0
SC56,2023/12/10,1388.0
SC56,2023/12/11,1388.0
SC56,2023/12/12,1388.0
SC56,2023/12/13,1388.0
SC56,2023/12/14,1388.0
SC56,2023/12/15,1388.0
SC56,2023/12/16,1388.0
SC56,2023/12/17,1388.0
SC56,2023/12/18,1388.0
SC56,2023/12/19,1388.0
SC56,2023/12/20,1388.0
SC56,2023/12/21,1388.0
SC56,2023/12/22,1388.0
SC56,2023/12/23,1388.0
SC56,2023/12/24,1388.0
SC56,2023/12/25,1388.0
SC56,2023/12/26,1388.0
SC56,2023/12/27,1388.0
SC56,2023/12/28,1388.0
SC56,2023/12/29,1388.0
SC56,2023/12/30,1388.0
SC57,2023/12/01,9169.0
SC57,2023/12/02,9170.0
SC57,2023/12/03,9169.0
SC57,2023/12/04,9168.0
SC57,2023/12/05,9168.0
SC57,2023/12/06,9167.0
SC57,2023/12/07,9167.0
SC57,2023/12/08,9167.0
SC57,2023/12/09,9167.0
SC57,2023/12/10,9166.0
SC57,2023/12/11,9166.0
SC57,2023/12/12,9166.0
SC57,2023/12/13,9166.0
SC57,2023/12/14,9166.0
SC57,2023/12/15,9166.0
SC57,2023/12/16,9166.0
SC57,2023/12/17,9166.0
SC57,2023/12/18,9166.0
SC57,2023/12/19,9166.0
SC57,2023/12/20,9166.0
SC57,2023/12/21,9166.0
SC57,2023/12/22,9166.0
SC57,2023/12/23,9166.0
SC57,2023/12/24,9166.0
SC57,2023/12/25,9166.0
SC57,2023/12/26,9166.0
SC57,2023/12/27,9166.0
SC57,2023/12/28,9166.0
SC57,2023/12/29,9166.0
SC57,2023/12/30,9166.0
SC58,2023/12/01,615.0
SC58,2023/12/02,615.0
SC58,2023/12/03,615.0
SC58,2023/12/04,615.0
SC58,2023/12/05,615.0
SC58,2023/12/06,615.0
SC58,2023/12/07,615.0
SC58,2023/12/08,615.0
SC58,2023/12/09,614.0
SC58,2023/12/10,614.0
SC58,2023/12/11,614.0
SC58,2023/12/12,614.0
SC58,2023/12/13,614.0
SC58,2023/12/14,614.0
SC58,2023/12/15,614.0
SC58,2023/12/16,614.0
SC58,2023/12/17,614.0
SC58,2023/12/18,614.0
SC58,2023/12/19,614.0
SC58,2023/12/20,614.0
SC58,2023/12/21,614.0
SC58,2023/12/22,614.0
SC58,2023/12/23,614.0
SC58,2023/12/24,614.0
SC58,2023/12/25,614.0
SC58,2023/12/26,614.0
SC58,2023/12/27,614.0
SC58,2023/12/28,614.0
SC58,2023/12/29,614.0
SC58,2023/12/30,614.0
SC6,2023/12/01,22041.0
SC6,2023/12/02,21983.0
SC6,2023/12/03,21941.0
SC6,2023/12/04,21915.0
SC6,2023/12/05,21900.0
SC6,2023/12/06,21892.0
SC6,2023/12/07,21887.0
SC6,2023/12/08,21885.0
SC6,2023/12/09,21884.0
SC6,2023/12/10,21883.0
SC6,2023/12/11,21883.0
SC6,2023/12/12,21882.0
SC6,2023/12/13,21882.0
SC6,2023/12/14,21882.0
SC6,2023/12/15,21882.0
SC6,2023/12/16,21882.0
SC6,2023/12/17,21882.0
SC6,2023/12/18,21882.0
SC6,2023/12/19,21882.0
SC6,2023/12/20,21882.0
SC6,2023/12/21,21882.0
SC6,2023/12/22,21882.0
SC6,2023/12/23,21882.0
SC6,2023/12/24,21882.0
SC6,2023/12/25,21882.0
SC6,2023/12/26,21882.0
SC6,2023/12/27,21882.0
SC6,2023/12/28,21882.0
SC6,2023/12/29,21882.0
SC6,2023/12/30,21882.0
SC60,2023/12/01,54610.0
SC60,2023/12/02,54652.0
SC60,2023/12/03,54676.0
SC60,2023/12/04,54690.0
SC60,2023/12/05,54700.0
SC60,2023/12/06,54706.0
SC60,2023/12/07,54711.0
SC60,2023/12/08,54714.0
SC60,2023/12/09,54717.0
SC60,2023/12/10,54718.0
SC60,2023/12/11,54719.0
SC60,2023/12/12,54720.0
SC60,2023/12/13,54720.0
SC60,2023/12/14,54721.0
SC60,2023/12/15,54721.0
SC60,2023/12/16,54721.0
SC60,2023/12/17,54721.0
SC60,2023/12/18,54721.0
SC60,2023/12/19,54721.0
SC60,2023/12/20,54721.0
SC60,2023/12/21,54721.0
SC60,2023/12/22,54721.0
SC60,2023/12/23,54721.0
SC60,2023/12/24,54721.0
SC60,2023/12/25,54721.0
SC60,2023/12/26,54721.0
SC60,2023/12/27,54721.0
SC60,2023/12/28,54721.0
SC60,2023/12/29,54721.0
SC60,2023/12/30,54721.0
SC61,2023/12/01,675.0
SC61,2023/12/02,676.0
SC61,2023/12/03,676.0
SC61,2023/12/04,676.0
SC61,2023/12/05,676.0
SC61,2023/12/06,676.0
SC61,2023/12/07,676.0
SC61,2023/12/08,676.0
SC61,2023/12/09,676.0
SC61,2023/12/10,676.0
SC61,2023/12/11,676.0
SC61,2023/12/12,676.0
SC61,2023/12/13,676.0
SC61,2023/12/14,676.0
SC61,2023/12/15,676.0
SC61,2023/12/16,676.0
SC61,2023/12/17,676.0
SC61,2023/12/18,676.0
SC61,2023/12/19,676.0
SC61,2023/12/20,676.0
SC61,2023/12/21,676.0
SC61,2023/12/22,676.0
SC61,2023/12/23,676.0
SC61,2023/12/24,676.0
SC61,2023/12/25,676.0
SC61,2023/12/26,676.0
SC61,2023/12/27,676.0
SC61,2023/12/28,676.0
SC61,2023/12/29,676.0
SC61,2023/12/30,676.0
SC63,2023/12/01,1788.0
SC63,2023/12/02,1775.0
SC63,2023/12/03,1770.0
SC63,2023/12/04,1769.0
SC63,2023/12/05,1768.0
SC63,2023/12/06,1769.0
SC63,2023/12/07,1769.0
SC63,2023/12/08,1769.0
SC63,2023/12/09,1769.0
SC63,2023/12/10,1769.0
SC63,2023/12/11,1769.0
SC63,2023/12/12,1769.0
SC63,2023/12/13,1769.0
SC63,2023/12/14,1769.0
SC63,2023/12/15,1769.0
SC63,2023/12/16,1769.0
SC63,2023/12/17,1769.0
SC63,2023/12/18,1769.0
SC63,2023/12/19,1769.0
SC63,2023/12/20,1769.0
SC63,2023/12/21,1769.0
SC63,2023/12/22,1769.0
SC63,2023/12/23,1769.0
SC63,2023/12/24,1769.0
SC63,2023/12/25,1769.0
SC63,2023/12/26,1769.0
SC63,2023/12/27,1769.0
SC63,2023/12/28,1769.0
SC63,2023/12/29,1769.0
SC63,2023/12/30,1769.0
SC66,2023/12/01,652.0
SC66,2023/12/02,652.0
SC66,2023/12/03,652.0
SC66,2023/12/04,652.0
SC66,2023/12/05,652.0
SC66,2023/12/06,652.0
SC66,2023/12/07,652.0
SC66,2023/12/08,652.0
SC66,2023/12/09,652.0
SC66,2023/12/10,652.0
SC66,2023/12/11,652.0
SC66,2023/12/12,652.0
SC66,2023/12/13,653.0
SC66,2023/12/14,653.0
SC66,2023/12/15,653.0
SC66,2023/12/16,653.0
SC66,2023/12/17,653.0
SC66,2023/12/18,653.0
SC66,2023/12/19,653.0
SC66,2023/12/20,653.0
SC66,2023/12/21,653.0
SC66,2023/12/22,653.0
SC66,2023/12/23,653.0
SC66,2023/12/24,653.0
SC66,2023/12/25,653.0
SC66,2023/12/26,653.0
SC66,2023/12/27,653.0
SC66,2023/12/28,653.0
SC66,2023/12/29,653.0
SC66,2023/12/30,653.0
SC68,2023/12/01,1007.0
SC68,2023/12/02,1000.0
SC68,2023/12/03,997.0
SC68,2023/12/04,995.0
SC68,2023/12/05,993.0
SC68,2023/12/06,993.0
SC68,2023/12/07,992.0
SC68,2023/12/08,992.0
SC68,2023/12/09,992.0
SC68,2023/12/10,992.0
SC68,2023/12/11,992.0
SC68,2023/12/12,992.0
SC68,2023/12/13,992.0
SC68,2023/12/14,992.0
SC68,2023/12/15,992.0
SC68,2023/12/16,992.0
SC68,2023/12/17,992.0
SC68,2023/12/18,992.0
SC68,2023/12/19,992.0
SC68,2023/12/20,992.0
SC68,2023/12/21,992.0
SC68,2023/12/22,992.0
SC68,2023/12/23,992.0
SC68,2023/12/24,992.0
SC68,2023/12/25,992.0
SC68,2023/12/26,992.0
SC68,2023/12/27,992.0
SC68,2023/12/28,992.0
SC68,2023/12/29,992.0
SC68,2023/12/30,992.0
SC7,2023/12/01,28610.0
SC7,2023/12/02,28621.0
SC7,2023/12/03,28635.0
SC7,2023/12/04,28646.0
SC7,2023/12/05,28654.0
SC7,2023/12/06,28658.0
SC7,2023/12/07,28661.0
SC7,2023/12/08,28662.0
SC7,2023/12/09,28663.0
SC7,2023/12/10,28663.0
SC7,2023/12/11,28663.0
SC7,2023/12/12,28663.0
SC7,2023/12/13,28663.0
SC7,2023/12/14,28663.0
SC7,2023/12/15,28663.0
SC7,2023/12/16,28663.0
SC7,2023/12/17,28663.0
SC7,2023/12/18,28663.0
SC7,2023/12/19,28663.0
SC7,2023/12/20,28663.0
SC7,2023/12/21,28663.0
SC7,2023/12/22,28663.0
SC7,2023/12/23,28663.0
SC7,2023/12/24,28663.0
SC7,2023/12/25,28663.0
SC7,2023/12/26,28663.0
SC7,2023/12/27,28663.0
SC7,2023/12/28,28663.0
SC7,2023/12/29,28663.0
SC7,2023/12/30,28663.0
SC8,2023/12/01,28748.0
SC8,2023/12/02,28808.0
SC8,2023/12/03,28849.0
SC8,2023/12/04,28875.0
SC8,2023/12/05,28890.0
SC8,2023/12/06,28898.0
SC8,2023/12/07,28903.0
SC8,2023/12/08,28906.0
SC8,2023/12/09,28907.0
SC8,2023/12/10,28908.0
SC8,2023/12/11,28908.0
SC8,2023/12/12,28909.0
SC8,2023/12/13,28909.0
SC8,2023/12/14,28909.0
SC8,2023/12/15,28909.0
SC8,2023/12/16,28909.0
SC8,2023/12/17,28909.0
SC8,2023/12/18,28909.0
SC8,2023/12/19,28909.0
SC8,2023/12/20,28909.0
SC8,2023/12/21,28909.0
SC8,2023/12/22,28909.0
SC8,2023/12/23,28909.0
SC8,2023/12/24,28909.0
SC8,2023/12/25,28909.0
SC8,2023/12/26,28909.0
SC8,2023/12/27,28909.0
SC8,2023/12/28,28909.0
SC8,2023/12/29,28909.0
SC8,2023/12/30,28909.0
SC9,2023/12/01,40862.0
SC9,2023/12/02,40997.0
SC9,2023/12/03,41045.0
SC9,2023/12/04,41058.0
SC9,2023/12/05,41060.0
SC9,2023/12/06,41059.0
SC9,2023/12/07,41057.0
SC9,2023/12/08,41056.0
SC9,2023/12/09,41055.0
SC9,2023/12/10,41054.0
SC9,2023/12/11,41054.0
SC9,2023/12/12,41053.0
SC9,2023/12/13,41053.0
SC9,2023/12/14,41053.0
SC9,2023/12/15,41053.0
SC9,2023/12/16,41053.0
SC9,2023/12/17,41053.0
SC9,2023/12/18,41053.0
SC9,2023/12/19,41053.0
SC9,2023/12/20,41053.0
SC9,2023/12/21,41053.0
SC9,2023/12/22,41053.0
SC9,2023/12/23,41053.0
SC9,2023/12/24,41053.0
SC9,2023/12/25,41053.0
SC9,2023/12/26,41053.0
SC9,2023/12/27,41053.0
SC9,2023/12/28,41053.0
SC9,2023/12/29,41053.0
SC9,2023/12/30,41053.0
